ribosome,species,chain_name,protein,min_dist_mRNA_channel,mean_dist_mRNA_channel,min_dist_exit_tunnel,mean_dist_exit_tunnel,animal_dups,fungi_dups,plant_dups
4v7e,Chain I,arabidopsis,RPS23,67.93,82.95,4.617,32.05,33,6,69
4v7e,Chain AA,arabidopsis,RPS30,69.737,108.35,15.703,35.57,38,0,0
4v7e,Chain HA,arabidopsis,RPS2,100.863,123.4,19.594,44.98,116,11,97
4v7e,Chain K,arabidopsis,RPS3,104.781,133.59,19.023,50.84,39,4,89
4v7e,Chain ZB,arabidopsis,RPL41,47.128,61.55,21.894,29.7,5,1,3
4v7e,Chain O,arabidopsis,RPS20,103.024,148.88,30.121,74.03,37,3,95
4v7e,Chain FA,arabidopsis,RPS26,79.901,96.35,13.171,28.96,52,6,82
4v7e,Chain N,arabidopsis,RPS16,99.556,137.28,31.112,65.49,54,9,68
4v7e,Chain Q,arabidopsis,RPS18,79.392,109.71,32.283,66.29,26,8,84
4v7e,Chain H,arabidopsis,RPS27A,94.096,136.09,38.332,79.12,187,29,374
4v7e,Chain M,arabidopsis,RPS5,83.484,113.7,7.692,44.54,28,5,119
4v7e,Chain GA,arabidopsis,RPS9,105.301,127.93,30.936,60.62,40,17,111
4v7e,Chain V,arabidopsis,RPS25,82.783,114.96,31.301,60.92,39,10,69
4v7e,Chain Y,arabidopsis,RPS29,114.495,123.06,41.402,51.36,37,7,39
4v7e,Chain U,arabidopsis,RPS15,87.124,112.65,42.087,65.65,31,6,121
4v7e,Chain W,arabidopsis,RPS28,96.892,108.48,16.069,31.8,18,3,39
4v7e,Chain P,arabidopsis,RPS14,74.737,93.28,14.262,31.12,54,5,121
4v7e,Chain F,arabidopsis,RPS10,124.987,138.83,46.167,63.72,42,10,74
4v7e,Chain CA,arabidopsis,RPS17,119.556,141.87,40.678,66.1,33,8,60
4v7e,Chain RA,arabidopsis,RPL23,29.65,51.9,52.193,73.27,27,5,98
4v7e,Chain S,arabidopsis,RPS11,77.764,93.17,48.689,75.74,34,7,81
4v7e,Chain EA,arabidopsis,RPS21,118.966,134.84,47.388,64.23,36,5,66
4v7e,Chain BA,arabidopsis,RPSA,119.743,137.34,48.771,66.32,82,23,94
4v7e,Chain T,arabidopsis,RPS19,107.959,138.06,51.458,78.83,33,6,64
4v7e,Chain OA,arabidopsis,RPL8,22.201,56.83,36.126,64.19,23,3,64
4v7e,Chain XB,arabidopsis,RPL37A,41.688,63.18,50.969,64.34,44,6,44
4v7e,Chain X,arabidopsis,RPS15A,100.931,117.73,53.02,64.12,59,6,83
4v7e,Chain R,arabidopsis,RPS13,71.689,99.66,47.567,75.04,33,6,69
4v7e,Chain DA,arabidopsis,RPS3A,83.965,99.76,34.088,51.56,48,10,91
4v7e,Chain PA,arabidopsis,RPL11,72.284,96.75,52.417,77.72,32,12,91
4v7e,Chain YB,arabidopsis,RPL10,15.985,55.82,62.384,79.09,47,8,74
4v7e,Chain G,arabidopsis,RPS12,134.626,152.1,61.654,84.23,68,8,70
4v7e,Chain Z,arabidopsis,RPS27,106.853,120.09,63.465,75.73,67,9,65
4v7e,Chain HB,arabidopsis,RPL36A,39.734,65.33,55.265,72.63,55,7,46
4v7e,Chain MB,arabidopsis,RPL12,86.231,103.35,73.786,87.99,61,7,89
4v7e,Chain CB,arabidopsis,RPL30,79.642,93.58,55.7,81.67,44,3,66
4v7e,Chain AC,arabidopsis,RPL40,51.094,65.77,75.34,89.13,110,19,358
4v7e,Chain D,arabidopsis,RPS24,90.1,126.63,66.552,87.75,48,10,97
4v7e,Chain UB,arabidopsis,RPL3,15.056,59.38,75.775,115.73,37,8,66
4v7e,Chain ZA,arabidopsis,RPL24,52.36,67.2,78.415,100.31,70,17,105
4v7e,Chain L,arabidopsis,RPS4,109.048,125.44,74.042,91.68,57,9,144
4v7e,Chain QA,arabidopsis,RPL9,60.108,80.29,81.14,112.13,67,19,104
4v7e,Chain JA,arabidopsis,RPS7,113.306,138.39,76.261,99.45,42,9,83
4v7e,Chain WA,arabidopsis,RPL19,31.925,72.91,80.739,107.08,35,10,131
4v7e,Chain VA,arabidopsis,RPL5,73.171,101.87,82.015,106.16,58,10,94
4v7e,Chain FC,arabidopsis,RPL29,22.656,69.81,80.796,108.94,68,4,31
4v7e,Chain IA,arabidopsis,RPS6,76.101,107.99,84.323,111.52,58,12,80
4v7e,Chain SA,arabidopsis,RPL15,33.503,61.78,70.857,96.68,34,12,77
4v7e,Chain LA,arabidopsis,RPL21,36.052,74.7,80.17,107.42,87,11,81
4v7e,Chain FB,arabidopsis,RPL37,11.826,34.23,84.834,112.87,43,8,68
4v7e,Chain TB,arabidopsis,RPLP0,84.177,117.59,96.544,126.38,64,7,116
4v7e,Chain VB,arabidopsis,RPL4,5.378,67.95,91.04,142.16,41,12,90
4v7e,Chain WB,arabidopsis,RPL13A,32.226,66.49,96.864,128.47,40,8,81
4v7e,Chain E,arabidopsis,RPS8,81.279,102.45,94.937,115.23,33,12,89
4v7e,Chain TA,arabidopsis,RPL27A,32.087,77.68,84.51,115.86,60,6,88
4v7e,Chain JB,arabidopsis,RPL18A,56.636,78.55,98.968,122.97,32,8,90
4v7e,Chain GC,arabidopsis,RPL34,35.779,66.0,83.027,99.51,39,7,93
4v7e,Chain KA,arabidopsis,RPL7A,68.52,93.32,67.316,104.49,102,27,206
4v7e,Chain XA,arabidopsis,RPL17,4.304,38.28,96.45,134.13,67,11,84
4v7e,Chain LB,arabidopsis,RPL36,73.666,88.96,77.463,90.36,39,12,82
4v7e,Chain DB,arabidopsis,RPL31,39.366,57.1,107.686,130.78,76,7,68
4v7e,Chain BC,arabidopsis,RPL13,37.791,80.63,95.98,125.12,42,12,86
4v7e,Chain NA,arabidopsis,RPL10A,90.44,115.69,79.899,98.74,60,18,138
4v7e,Chain UA,arabidopsis,RPL18,54.784,77.31,95.397,131.34,42,16,98
4v7e,Chain SB,arabidopsis,RPL7,48.467,79.52,107.714,136.45,91,12,124
4v7e,Chain EB,arabidopsis,RPL32,29.817,56.14,107.646,140.75,54,10,75
4v7e,Chain MA,arabidopsis,RPL27,81.954,97.25,93.165,109.49,35,17,65
4v7e,Chain YA,arabidopsis,RPL23A,24.542,51.64,89.471,125.85,88,6,90
4v7e,Chain GB,arabidopsis,RPL39,6.08,19.56,104.787,119.21,38,5,26
4v7e,Chain KB,arabidopsis,RPL22,63.089,78.13,120.064,136.56,69,3,68
4v7e,Chain DC,arabidopsis,RPL35A,47.9,70.31,118.664,142.57,53,10,84
4v7e,Chain IB,arabidopsis,RPL14,74.21,91.49,126.745,147.54,32,12,96
4v7e,Chain EC,arabidopsis,RPL38,63.328,74.19,122.554,136.82,27,5,44
4v7e,Chain RB,arabidopsis,RPL35,35.615,57.43,117.136,137.44,37,8,94
4v7e,Chains PB,arabidopsis,RPLP2,124.263,137.96,138.646,148.53,39,15,122
4v7e,Chain AB,arabidopsis,RPL26,34.568,51.44,132.559,153.59,51,8,59
4v7e,Chain CC,arabidopsis,RPL6,78.018,97.08,145.255,169.89,61,11,82
4v7e,Chains NB,arabidopsis,RPLP1,139.545,150.68,156.008,164.94,67,14,73
4v7e,Chain BB,arabidopsis,RPL28,72.081,83.33,153.55,166.87,32,4,79
4v6w,Chain W,drosophila,RPS3,95.563,129.17,6.125,40.1,39,4,89
4v6w,Chain F,drosophila,RPS23,69.226,82.66,3.483,32.29,33,6,69
4v6w,Chain BA,drosophila,RPS2,99.447,124.61,16.999,42.97,116,11,97
4v6w,Chain X,drosophila,RPS30,71.259,109.59,14.91,31.24,38,0,0
4v6w,Chain Z,drosophila,RPS9,103.057,126.47,27.563,56.13,40,17,111
4v6w,Chain C,drosophila,RPS20,102.574,143.76,28.94,61.49,37,3,95
4v6w,Chain XB,drosophila,RPL41,44.642,58.85,16.208,32.19,5,1,3
4v6w,Chain I,drosophila,RPS29,110.941,119.28,35.366,46.08,37,7,39
4v6w,Chain Y,drosophila,RPS27A,86.634,122.97,27.84,70.94,187,29,374
4v6w,Chain D,drosophila,RPS10,116.165,127.55,37.008,50.34,42,10,74
4v6w,Chain T,drosophila,RPS26,78.893,96.43,10.081,26.47,52,6,82
4v6w,Chain HA,drosophila,RPS16,96.709,145.9,18.334,63.14,54,9,68
4v6w,Chain P,drosophila,RPSA,121.529,138.98,44.654,61.43,82,23,94
4v6w,Chain L,drosophila,RPS17,123.666,142.75,34.739,59.87,33,8,60
4v6w,Chain Q,drosophila,RPS21,121.233,136.98,47.095,65.17,36,5,66
4v6w,Chain G,drosophila,RPS12,119.911,136.74,49.518,72.54,68,8,70
4v6w,Chain E,drosophila,RPS14,72.661,92.78,11.682,33.51,54,5,121
4v6w,Chain FA,drosophila,RPS15A,100.076,116.26,51.422,65.01,59,6,83
4v6w,Chain H,drosophila,RPS18,93.627,117.23,38.31,66.98,26,8,84
4v6w,Chain K,drosophila,RPS11,85.522,99.6,52.826,88.61,34,7,81
4v6w,Chain M,drosophila,RPS15,83.88,112.15,39.388,69.24,31,6,121
4v6w,Chain V,drosophila,RPS28,105.364,121.13,14.965,33.39,18,3,39
4v6w,Chain DA,drosophila,RPS5,92.034,125.58,9.175,44.61,28,5,119
4v6w,Chain U,drosophila,RPS27,107.687,120.77,62.341,75.86,67,9,65
4v6w,Chain N,drosophila,RPS19,110.957,143.32,47.231,74.38,33,6,64
4v6w,Chain QA,drosophila,RPL23,31.016,52.77,53.942,74.95,27,5,98
4v6w,Chain J,drosophila,RPS13,73.346,101.13,54.121,77.3,33,6,69
4v6w,Chain NA,drosophila,RPL12,85.127,102.45,61.732,84.48,61,7,89
4v6w,Chain O,drosophila,RPS3A,74.68,99.46,32.103,50.81,48,10,91
4v6w,Chain R,drosophila,RPS24,95.628,127.63,68.033,87.04,48,10,97
4v6w,Chain AA,drosophila,RPS4,94.638,124.51,68.58,90.85,57,9,144
4v6w,Chain GA,drosophila,RPS8,73.756,99.19,63.776,108.7,33,12,89
4v6w,Chain YA,drosophila,RPL8,21.891,56.79,39.664,68.23,23,3,64
4v6w,Chain EA,drosophila,RPS7,114.689,136.66,70.595,97.98,42,9,83
4v6w,Chain YB,drosophila,RPL37A,41.504,63.69,54.304,67.82,44,6,44
4v6w,Chain AC,drosophila,RPL11,70.404,96.01,54.569,81.14,32,12,91
4v6w,Chain UA,drosophila,RPL10,19.924,61.21,61.72,84.43,47,8,74
4v6w,Chain ZB,drosophila,RPL36A,40.217,65.37,56.146,77.33,55,7,46
4v6w,Chain S,drosophila,RPS25,106.439,132.72,49.019,66.2,39,10,69
4v6w,Chain WB,drosophila,RPL40,50.845,65.43,76.907,91.37,110,19,358
4v6w,Chain MA,drosophila,RPLP0,88.679,107.91,81.092,112.95,64,7,116
4v6w,Chain FB,drosophila,RPL24,52.524,95.6,80.266,113.5,70,17,105
4v6w,Chain BC,drosophila,RPL9,58.171,80.09,82.147,112.56,67,19,104
4v6w,Chain KB,drosophila,RPL3,12.439,60.41,79.27,118.15,37,8,66
4v6w,Chain CA,drosophila,RPS6,75.186,107.25,86.009,112.32,58,12,80
4v6w,Chain MB,drosophila,RPL30,79.74,92.57,65.957,85.41,44,3,66
4v6w,Chain XA,drosophila,RPL19,31.944,79.04,82.581,109.93,35,10,131
4v6w,Chain VA,drosophila,RPL5,72.442,102.84,87.025,109.91,58,10,94
4v6w,Chain LA,drosophila,RPL10A,80.828,104.58,64.753,82.24,60,18,138
4v6w,Chain JB,drosophila,RPL29,22.263,77.96,82.2,116.89,68,4,31
4v6w,Chain AB,drosophila,RPL21,38.451,74.13,80.98,110.35,87,11,81
4v6w,Chain SB,drosophila,RPL37,12.705,34.19,87.179,115.77,43,8,68
4v6w,Chain TA,drosophila,RPL15,32.686,60.73,76.749,101.88,34,12,77
4v6w,Chain ZA,drosophila,RPL18A,54.777,76.15,98.342,124.03,32,8,90
4v6w,Chain DC,drosophila,RPL7A,69.275,93.44,66.945,108.84,102,27,206
4v6w,Chain QB,drosophila,RPL34,35.554,67.34,85.069,101.53,39,7,93
4v6w,Chain OA,drosophila,RPL13A,30.532,66.75,101.564,130.98,40,8,81
4v6w,Chain VB,drosophila,RPL4,4.7,69.98,92.348,147.98,41,12,90
4v6w,Chain SA,drosophila,RPL27A,31.952,70.16,87.127,118.31,60,6,88
4v6w,Chain BB,drosophila,RPL17,5.246,44.13,97.708,140.76,67,11,84
4v6w,Chain WA,drosophila,RPL18,55.302,75.52,89.448,131.03,42,16,98
4v6w,Chain GB,drosophila,RPL27,82.162,96.84,97.65,111.82,35,17,65
4v6w,Chain NB,drosophila,RPL31,40.534,55.32,111.433,132.22,76,7,68
4v6w,Chain RB,drosophila,RPL36,73.92,88.84,83.189,104.02,39,12,82
4v6w,Chain PA,drosophila,RPL13,37.277,80.07,97.883,129.27,42,12,86
4v6w,Chain OB,drosophila,RPL32,28.706,54.71,108.036,142.23,54,10,75
4v6w,Chain LB,drosophila,RPL7,47.978,78.59,110.084,138.38,91,12,124
4v6w,Chain UB,drosophila,RPL39,6.871,19.53,104.871,122.36,38,5,26
4v6w,Chain DB,drosophila,RPL23A,26.007,50.6,95.082,130.49,88,6,90
4v6w,Chain CB,drosophila,RPL22,54.242,76.15,125.156,139.91,69,3,68
4v6w,Chain PB,drosophila,RPL35A,48.866,76.54,123.707,148.57,53,10,84
4v6w,Chain RA,drosophila,RPL14,76.804,95.28,127.731,153.25,32,12,96
4v6w,Chain TB,drosophila,RPL38,61.141,72.91,125.178,139.31,27,5,44
4v6w,Chain IB,drosophila,RPL35,37.314,57.64,122.246,141.08,37,8,94
4v6w,Chain CC,drosophila,RPL6,75.927,98.26,149.142,173.6,61,11,82
4v6w,Chain EB,drosophila,RPL26,34.909,51.81,134.653,156.92,51,8,59
4v6w,Chain HB,drosophila,RPL28,54.442,78.03,139.771,163.42,32,4,79
6xu8,Chain EA,drosophila,RPL41,46.116,60.2,15.947,31.7,5,1,3
6xu8,Chain RA,drosophila,RPS23,71.944,85.23,7.43,35.17,33,6,69
6xu8,Chain KB,drosophila,RPS2,103.334,127.19,15.706,45.63,116,11,97
6xu8,Chain QA,drosophila,RPS14,74.603,93.3,8.071,27.89,54,5,121
6xu8,Chain OB,drosophila,RPS16,95.977,141.77,24.519,63.18,54,9,68
6xu8,Chain GB,drosophila,RPS30,71.097,113.3,19.715,35.59,38,0,0
6xu8,Chain DB,drosophila,RPS26,81.212,98.7,8.959,25.45,52,6,82
6xu8,Chain VB,drosophila,RPS5,89.052,116.07,7.307,41.31,28,5,119
6xu8,Chain FB,drosophila,RPS3,106.093,137.66,10.463,46.0,39,4,89
6xu8,Chain PA,drosophila,RPS20,105.904,147.63,27.996,63.7,37,3,95
6xu8,Chain WB,drosophila,RPS28,100.956,111.98,13.031,26.1,18,3,39
6xu8,Chain HB,drosophila,RPS27A,98.465,131.17,29.24,68.44,187,29,374
6xu8,Chain CC,drosophila,RPS18,92.362,113.41,35.624,67.51,26,8,84
6xu8,Chain XA,drosophila,RPS15,86.319,114.33,37.812,66.53,31,6,121
6xu8,Chain TA,drosophila,RPS29,115.573,124.98,35.343,45.76,37,7,39
6xu8,Chain K,drosophila,RPL8,22.123,56.46,37.414,67.45,23,3,64
6xu8,Chain WA,drosophila,RPS17,124.559,144.35,36.38,60.5,33,8,60
6xu8,Chain IB,drosophila,RPS9,106.249,130.26,32.578,61.48,40,17,111
6xu8,Chain TB,drosophila,RPS19,111.52,139.38,50.238,76.65,33,6,64
6xu8,Chain ZA,drosophila,RPSA,123.062,141.15,45.617,62.44,82,23,94
6xu8,Chain YA,drosophila,RPS3A,79.306,100.91,30.877,49.45,48,10,91
6xu8,Chain UB,drosophila,RPS10,124.848,138.84,40.307,55.07,42,10,74
6xu8,Chain FA,drosophila,RPL37A,42.148,63.43,54.131,67.5,44,6,44
6xu8,Chain UA,drosophila,RPS13,74.025,101.87,52.22,75.56,33,6,69
6xu8,Chain AB,drosophila,RPS21,122.666,138.67,49.135,66.66,36,5,66
6xu8,Chain HA,drosophila,RPL11,73.184,98.73,54.231,82.51,32,12,91
6xu8,Chain C,drosophila,RPL23,30.786,53.04,54.133,75.33,27,5,98
6xu8,Chain VA,drosophila,RPS11,86.405,100.99,54.558,90.84,34,7,81
6xu8,Chain CB,drosophila,RPS25,99.443,121.74,49.115,65.01,39,10,69
6xu8,Chain G,drosophila,RPL10,19.366,61.36,60.239,83.61,47,8,74
6xu8,Chain SB,drosophila,RPS15A,102.307,119.41,53.944,67.46,59,6,83
6xu8,Chain GA,drosophila,RPL36A,41.076,66.01,54.031,76.94,55,7,46
6xu8,Chain EB,drosophila,RPS27,108.953,122.39,62.152,74.87,67,9,65
6xu8,Chain NB,drosophila,RPS8,75.71,100.34,65.985,111.19,33,12,89
6xu8,Chain SA,drosophila,RPS12,132.347,148.27,55.632,73.89,68,8,70
6xu8,Chain U,drosophila,RPL3,13.825,61.78,79.292,119.11,37,8,66
6xu8,Chain MB,drosophila,RPS7,118.883,140.07,70.613,100.1,42,9,83
6xu8,Chain W,drosophila,RPL30,81.016,94.12,71.486,85.72,44,3,66
6xu8,Chain JB,drosophila,RPS4,95.8,126.8,72.747,94.55,57,9,144
6xu8,Chain J,drosophila,RPL19,34.164,80.88,82.655,110.78,35,10,131
6xu8,Chain DA,drosophila,RPL40,51.462,67.01,78.682,91.71,110,19,358
6xu8,Chain F,drosophila,RPL15,33.989,60.95,76.953,101.67,34,12,77
6xu8,Chain ZB,drosophila,RPL24,53.522,63.47,80.619,98.64,70,17,105
6xu8,Chain T,drosophila,RPL29,22.355,78.77,82.645,117.48,68,4,31
6xu8,Chain M,drosophila,RPL21,40.804,75.04,82.21,110.7,87,11,81
6xu8,Chain IA,drosophila,RPL9,60.462,81.51,83.265,114.21,67,19,104
6xu8,Chain BB,drosophila,RPS24,99.443,130.49,71.675,91.24,48,10,97
6xu8,Chain H,drosophila,RPL5,73.619,105.27,88.412,111.86,58,10,94
6xu8,Chain YB,drosophila,RPL37,12.154,32.01,88.168,112.99,43,8,68
6xu8,Chain KA,drosophila,RPL7A,68.421,93.76,68.298,108.8,102,27,206
6xu8,Chain E,drosophila,RPL27A,32.048,71.39,87.23,119.33,60,6,88
6xu8,Chain CA,drosophila,RPL4,4.561,70.43,92.809,148.37,41,12,90
6xu8,Chain LB,drosophila,RPS6,78.233,110.81,88.491,115.62,58,12,80
6xu8,Chain AC,drosophila,RPL34,36.115,65.69,87.177,103.28,39,7,93
6xu8,Chain I,drosophila,RPL18,55.872,75.66,89.43,131.14,42,16,98
6xu8,Chain N,drosophila,RPL17,5.576,44.18,97.387,141.11,67,11,84
6xu8,Chain Z,drosophila,RPL36,74.445,89.59,82.179,104.45,39,12,82
6xu8,Chain L,drosophila,RPL18A,56.221,77.2,99.532,124.95,32,8,90
6xu8,Chain A,drosophila,RPL13A,30.607,67.46,101.576,131.7,40,8,81
6xu8,Chain PB,drosophila,RPL10A,96.344,120.59,86.521,105.49,60,18,138
6xu8,Chain B,drosophila,RPL13,37.732,80.97,99.169,130.01,42,12,86
6xu8,Chain O,drosophila,RPL23A,25.004,50.28,94.383,130.69,88,6,90
6xu8,Chain Q,drosophila,RPL27,84.481,98.34,98.708,112.37,35,17,65
6xu8,Chain X,drosophila,RPL32,29.646,56.4,108.378,143.56,54,10,75
6xu8,Chain BC,drosophila,RPL31,41.526,55.97,111.436,131.91,76,7,68
6xu8,Chain V,drosophila,RPL7,48.94,79.33,110.673,138.64,91,12,124
6xu8,Chain BA,drosophila,RPL39,7.392,19.86,107.666,122.5,38,5,26
6xu8,Chain Y,drosophila,RPL35A,48.473,76.61,122.962,148.98,53,10,84
6xu8,Chain XB,drosophila,RPL22,64.436,79.91,125.758,140.74,69,3,68
6xu8,Chain AA,drosophila,RPL38,63.227,74.37,125.047,140.24,27,5,44
6xu8,Chain D,drosophila,RPL14,77.479,96.23,127.793,154.33,32,12,96
6xu8,Chain S,drosophila,RPL35,37.008,57.56,122.137,141.35,37,8,94
6xu8,Chain P,drosophila,RPL26,35.406,52.3,135.788,157.83,51,8,59
6xu8,Chain R,drosophila,RPL28,55.755,79.02,141.707,164.35,32,4,79
6xu8,Chain JA,drosophila,RPL6,77.85,99.46,150.276,174.98,61,11,82
6xu6,Chain UB,drosophila,RPS14,74.754,93.28,8.771,28.05,54,5,121
6xu6,Chain TB,drosophila,RPS5,92.666,116.07,5.207,41.25,28,5,119
6xu6,Chain S,drosophila,RPS26,81.065,98.83,9.153,25.72,52,6,82
6xu6,Chain VB,drosophila,RPS28,100.759,111.39,13.133,25.86,18,3,39
6xu6,Chain UA,drosophila,RPL41,46.244,60.15,16.57,31.87,5,1,3
6xu6,Chain LB,drosophila,RPS16,95.221,142.01,23.323,63.15,54,9,68
6xu6,Chain E,drosophila,RPS2,102.886,127.11,15.791,45.65,116,11,97
6xu6,Chain B,drosophila,RPL8,21.94,56.76,38.713,67.72,23,3,64
6xu6,Chain H,drosophila,RPS20,105.522,147.59,27.5,63.79,37,3,95
6xu6,Chain C,drosophila,RPS3A,79.424,101.24,31.785,49.68,48,10,91
6xu6,Chain I,drosophila,RPS23,71.709,85.18,7.47,35.31,33,6,69
6xu6,Chain N,drosophila,RPS17,124.175,144.22,35.898,60.26,33,8,60
6xu6,Chain DC,drosophila,RPS18,89.834,113.15,35.185,67.31,26,8,84
6xu6,Chain V,drosophila,RPS30,75.564,113.28,17.177,35.1,38,0,0
6xu6,Chain R,drosophila,RPS25,97.105,121.81,47.656,65.0,39,10,69
6xu6,Chain U,drosophila,RPS3,106.668,137.78,10.682,46.01,39,4,89
6xu6,Chain O,drosophila,RPS15,86.86,115.08,37.232,66.85,31,6,121
6xu6,Chain K,drosophila,RPS29,114.963,124.98,35.042,45.64,37,7,39
6xu6,Chain L,drosophila,RPS13,74.439,102.07,52.634,75.71,33,6,69
6xu6,Chain SB,drosophila,RPS19,111.349,139.5,49.258,76.49,33,6,64
6xu6,Chain VA,drosophila,RPL37A,42.289,63.69,53.713,67.61,44,6,44
6xu6,Chain WA,drosophila,RPL36A,41.23,66.0,53.642,76.89,55,7,46
6xu6,Chain A,drosophila,RPSA,123.497,141.38,47.317,62.56,82,23,94
6xu6,Chain XA,drosophila,RPL11,73.074,98.51,54.604,82.3,32,12,91
6xu6,Chain W,drosophila,RPS27A,95.848,136.69,31.522,73.16,187,29,374
6xu6,Chain P,drosophila,RPS21,122.966,138.63,49.653,66.75,36,5,66
6xu6,Chain AA,drosophila,RPL10,21.094,61.47,58.303,83.52,47,8,74
6xu6,Chain WB,drosophila,RPS15A,101.967,119.45,54.928,67.56,59,6,83
6xu6,Chain T,drosophila,RPS27,109.831,122.79,61.2,74.45,67,9,65
6xu6,Chain X,drosophila,RPS9,106.119,130.21,32.993,61.55,40,17,111
6xu6,Chain M,drosophila,RPS11,86.073,100.62,54.77,90.29,34,7,81
6xu6,Chain RB,drosophila,RPS10,126.243,139.5,39.646,54.89,42,10,74
6xu6,Chain OB,drosophila,RPL23,30.807,53.06,54.615,75.55,27,5,98
6xu6,Chain AB,drosophila,RPL7A,68.927,94.27,67.517,108.92,102,27,206
6xu6,Chain NA,drosophila,RPL30,81.495,94.57,72.119,86.07,44,3,66
6xu6,Chain Z,drosophila,RPL15,34.174,61.24,77.144,101.88,34,12,77
6xu6,Chain JB,drosophila,RPS7,120.302,140.49,72.94,100.32,42,9,83
6xu6,Chain KB,drosophila,RPS8,75.973,100.17,65.665,110.98,33,12,89
6xu6,Chain QA,drosophila,RPL36,74.977,90.01,83.415,104.43,39,12,82
6xu6,Chain FA,drosophila,RPL21,39.95,75.08,80.833,110.84,87,11,81
6xu6,Chain D,drosophila,RPL3,13.926,61.98,77.932,119.19,37,8,66
6xu6,Chain DA,drosophila,RPL19,33.698,80.22,82.893,110.4,35,10,131
6xu6,Chain MA,drosophila,RPL29,24.027,79.27,82.601,117.76,68,4,31
6xu6,Chain EB,drosophila,RPL10A,98.266,121.55,85.628,105.1,60,18,138
6xu6,Chain Y,drosophila,RPL27A,32.041,71.44,87.183,119.37,60,6,88
6xu6,Chain AC,drosophila,RPL37,12.482,32.31,87.888,113.08,43,8,68
6xu6,Chain BA,drosophila,RPL5,73.368,105.14,85.606,111.75,58,10,94
6xu6,Chain YB,drosophila,RPL34,36.411,66.0,87.818,103.51,39,7,93
6xu6,Chain CA,drosophila,RPL18,55.886,75.6,89.535,131.14,42,16,98
6xu6,Chain HA,drosophila,RPL23A,25.891,50.69,94.992,130.92,88,6,90
6xu6,Chain F,drosophila,RPL4,5.382,70.66,93.074,148.47,41,12,90
6xu6,Chain JA,drosophila,RPL27,84.514,98.89,97.775,112.71,35,17,65
6xu6,Chain HB,drosophila,RPS4,95.742,126.73,72.785,94.5,57,9,144
6xu6,Chain XB,drosophila,RPL24,53.368,63.09,80.621,98.23,70,17,105
6xu6,Chain J,drosophila,RPS12,138.123,156.23,61.091,80.7,68,8,70
6xu6,Chain GA,drosophila,RPL17,5.725,44.27,97.809,140.74,67,11,84
6xu6,Chain NB,drosophila,RPL13,37.353,81.01,99.109,129.89,42,12,86
6xu6,Chain TA,drosophila,RPL40,52.467,67.47,80.519,92.27,110,19,358
6xu6,Chain YA,drosophila,RPL9,60.687,82.06,84.102,114.73,67,19,104
6xu6,Chain SA,drosophila,RPL39,7.437,19.9,107.58,122.44,38,5,26
6xu6,Chain Q,drosophila,RPS24,99.609,130.73,72.583,91.23,48,10,97
6xu6,Chain EA,drosophila,RPL18A,56.52,77.77,100.213,125.34,32,8,90
6xu6,Chain MB,drosophila,RPL13A,30.879,67.84,101.448,131.93,40,8,81
6xu6,Chain IB,drosophila,RPS6,78.309,110.89,88.48,115.57,58,12,80
6xu6,Chain OA,drosophila,RPL32,29.575,56.35,108.714,143.49,54,10,75
6xu6,Chain BC,drosophila,RPL7,49.002,79.18,110.757,138.39,91,12,124
6xu6,Chain CC,drosophila,RPL31,41.4,56.1,111.109,131.48,76,7,68
6xu6,Chain LA,drosophila,RPL35,37.194,57.92,122.33,141.5,37,8,94
6xu6,Chain RA,drosophila,RPL38,63.87,74.83,126.093,140.51,27,5,44
6xu6,Chain PA,drosophila,RPL35A,48.72,77.6,123.191,149.63,53,10,84
6xu6,Chain ZB,drosophila,RPL22,66.117,80.04,126.484,140.38,69,3,68
6xu6,Chain IA,drosophila,RPL26,35.6,52.42,135.295,157.87,51,8,59
6xu6,Chain PB,drosophila,RPL14,78.032,97.08,128.068,154.78,32,12,96
6xu6,Chain KA,drosophila,RPL28,55.913,79.13,141.971,164.36,32,4,79
6xu6,Chain ZA,drosophila,RPL6,79.909,100.26,150.451,175.26,61,11,82
6xu7,Chain XA,drosophila,RPL41,46.098,60.4,16.745,31.69,5,1,3
6xu7,Chain J,drosophila,RPS23,71.202,85.05,6.405,35.06,33,6,69
6xu7,Chain E,drosophila,RPS2,103.139,127.34,15.75,45.52,116,11,97
6xu7,Chain XB,drosophila,RPS16,96.029,142.15,24.197,63.53,54,9,68
6xu7,Chain I,drosophila,RPS14,74.811,94.76,8.384,29.39,54,5,121
6xu7,Chain U,drosophila,RPS26,81.333,99.16,8.829,25.73,52,6,82
6xu7,Chain X,drosophila,RPS30,73.847,113.6,19.621,35.39,38,0,0
6xu7,Chain RB,drosophila,RPS5,92.187,115.92,5.143,41.42,28,5,119
6xu7,Chain H,drosophila,RPS20,106.012,147.72,27.967,64.04,37,3,95
6xu7,Chain W,drosophila,RPS3,106.642,137.84,10.727,46.16,39,4,89
6xu7,Chain KB,drosophila,RPS28,100.565,111.3,12.066,25.65,18,3,39
6xu7,Chain L,drosophila,RPS18,91.309,113.12,36.33,67.81,26,8,84
6xu7,Chain Y,drosophila,RPS27A,96.99,136.9,31.398,73.5,187,29,374
6xu7,Chain Q,drosophila,RPS15,87.083,115.37,37.514,67.36,31,6,121
6xu7,Chain P,drosophila,RPS29,115.984,138.46,35.052,56.03,37,7,39
6xu7,Chain B,drosophila,RPL8,21.677,56.86,37.973,67.72,23,3,64
6xu7,Chain Z,drosophila,RPS9,106.116,130.27,32.237,61.47,40,17,111
6xu7,Chain QB,drosophila,RPS19,111.058,139.54,49.919,76.85,33,6,64
6xu7,Chain A,drosophila,RPSA,122.96,141.51,46.954,62.6,82,23,94
6xu7,Chain C,drosophila,RPS3A,79.092,101.47,31.213,49.63,48,10,91
6xu7,Chain YA,drosophila,RPL37A,42.425,63.91,53.459,67.43,44,6,44
6xu7,Chain N,drosophila,RPS13,74.723,102.05,52.228,75.71,33,6,69
6xu7,Chain PB,drosophila,RPS10,126.98,139.57,39.854,55.27,42,10,74
6xu7,Chain CA,drosophila,RPL10,22.243,61.63,56.168,83.26,47,8,74
6xu7,Chain T,drosophila,RPS25,97.798,122.03,47.675,65.57,39,10,69
6xu7,Chain R,drosophila,RPS21,122.936,138.85,48.729,66.66,36,5,66
6xu7,Chain AB,drosophila,RPL11,72.154,98.7,54.039,82.46,32,12,91
6xu7,Chain AC,drosophila,RPL23,30.879,53.2,53.592,75.38,27,5,98
6xu7,Chain O,drosophila,RPS11,85.922,100.7,53.99,90.3,34,7,81
6xu7,Chain LB,drosophila,RPS15A,102.798,119.7,54.389,67.59,59,6,83
6xu7,Chain ZA,drosophila,RPL36A,42.051,66.28,54.375,76.94,55,7,46
6xu7,Chain V,drosophila,RPS27,109.485,122.8,61.962,74.49,67,9,65
6xu7,Chain WB,drosophila,RPS8,75.848,100.37,66.184,111.12,33,12,89
6xu7,Chain D,drosophila,RPL3,14.859,62.19,78.885,119.23,37,8,66
6xu7,Chain PA,drosophila,RPL30,81.459,94.84,71.698,86.14,44,3,66
6xu7,Chain K,drosophila,RPS12,138.313,156.35,61.386,81.03,68,8,70
6xu7,Chain VB,drosophila,RPS7,119.99,140.51,72.986,100.33,42,9,83
6xu7,Chain TB,drosophila,RPS4,96.302,126.81,72.79,94.39,57,9,144
6xu7,Chain BA,drosophila,RPL15,33.938,61.43,75.197,101.91,34,12,77
6xu7,Chain FA,drosophila,RPL19,33.647,80.37,82.984,110.57,35,10,131
6xu7,Chain HA,drosophila,RPL21,41.219,75.28,81.09,110.91,87,11,81
6xu7,Chain OA,drosophila,RPL29,24.977,79.21,81.885,147.61,68,4,31
6xu7,Chain MB,drosophila,RPL24,53.563,63.34,80.293,98.16,70,17,105
6xu7,Chain DA,drosophila,RPL5,74.021,105.48,85.571,112.09,58,10,94
6xu7,Chain WA,drosophila,RPL40,53.0,67.19,80.816,91.9,110,19,358
6xu7,Chain BB,drosophila,RPL9,60.227,82.07,83.186,114.53,67,19,104
6xu7,Chain S,drosophila,RPS24,99.713,130.77,71.773,91.05,48,10,97
6xu7,Chain EC,drosophila,RPL37,11.454,32.46,87.452,113.2,43,8,68
6xu7,Chain DB,drosophila,RPL7A,68.781,94.43,67.563,108.99,102,27,206
6xu7,Chain AA,drosophila,RPL27A,32.033,71.57,86.568,119.52,60,6,88
6xu7,Chain UB,drosophila,RPS6,77.981,110.91,88.66,115.46,58,12,80
6xu7,Chain F,drosophila,RPL4,5.058,70.92,94.036,148.8,41,12,90
6xu7,Chain NB,drosophila,RPL34,37.148,65.92,87.776,103.66,39,7,93
6xu7,Chain EA,drosophila,RPL18,56.16,75.75,89.176,131.23,42,16,98
6xu7,Chain TA,drosophila,RPL36,75.032,90.04,82.65,104.49,39,12,82
6xu7,Chain IA,drosophila,RPL17,5.243,44.5,97.608,141.08,67,11,84
6xu7,Chain GA,drosophila,RPL18A,57.209,78.05,101.188,125.55,32,8,90
6xu7,Chain YB,drosophila,RPL13A,31.829,68.04,102.011,131.9,40,8,81
6xu7,Chain HB,drosophila,RPL10A,98.433,121.38,85.22,104.96,60,18,138
6xu7,Chain ZB,drosophila,RPL13,37.229,81.17,99.713,130.05,42,12,86
6xu7,Chain JA,drosophila,RPL23A,25.683,51.19,94.292,131.09,88,6,90
6xu7,Chain LA,drosophila,RPL27,84.622,99.15,97.609,113.05,35,17,65
6xu7,Chain RA,drosophila,RPL32,29.417,56.54,108.609,143.7,54,10,75
6xu7,Chain QA,drosophila,RPL31,41.603,56.38,111.664,132.48,76,7,68
6xu7,Chain SB,drosophila,RPL7,49.538,79.75,109.656,138.91,91,12,124
6xu7,Chain VA,drosophila,RPL39,6.327,19.84,107.965,122.38,38,5,26
6xu7,Chain SA,drosophila,RPL35A,48.812,77.7,123.293,149.67,53,10,84
6xu7,Chain OB,drosophila,RPL22,65.29,80.14,125.413,140.56,69,3,68
6xu7,Chain BC,drosophila,RPL14,77.759,97.25,127.123,154.85,32,12,96
6xu7,Chain UA,drosophila,RPL38,64.496,75.21,126.574,140.68,27,5,44
6xu7,Chain NA,drosophila,RPL35,37.381,58.17,122.491,141.71,37,8,94
6xu7,Chain KA,drosophila,RPL26,35.454,52.77,135.69,158.22,51,8,59
6xu7,Chain CB,drosophila,RPL6,79.976,100.47,151.212,175.48,61,11,82
8jdk,Chain TB,homo,RPS23,71.429,84.79,5.339,34.23,33,6,69
8jdk,Chain LB,homo,RPS15,75.587,112.26,7.27,62.1,31,6,121
8jdk,Chain AC,homo,RPS30,78.875,113.22,5.971,24.34,38,0,0
8jdk,Chain ZA,homo,RPS2,102.882,126.15,8.579,27.29,116,11,97
8jdk,Chain SA,homo,RPL41,47.655,60.44,16.835,32.08,5,1,3
8jdk,Chain AB,homo,RPS3,106.038,135.41,9.448,36.26,39,4,89
8jdk,Chain MB,homo,RPS16,92.19,140.01,21.734,66.04,54,9,68
8jdk,Chain OB,homo,RPS18,75.503,112.33,25.301,67.76,26,8,84
8jdk,Chain QB,homo,RPS20,106.098,147.55,28.441,60.9,37,3,95
8jdk,Chain WB,homo,RPS26,81.483,98.07,7.051,24.7,52,6,82
8jdk,Chain KB,homo,RPS14,74.621,93.62,6.008,31.16,54,5,121
8jdk,Chain GB,homo,RPS9,105.527,131.55,15.87,44.75,40,17,111
8jdk,Chain ZB,homo,RPS29,116.787,125.37,35.193,44.12,37,7,39
8jdk,Chain CB,homo,RPS5,90.367,114.72,9.178,45.01,28,5,119
8jdk,Chain YB,homo,RPS28,98.459,110.41,17.152,32.38,18,3,39
8jdk,Chain VB,homo,RPS25,85.861,115.67,32.789,63.94,39,10,69
8jdk,Chain HB,homo,RPS10,128.667,141.68,41.913,53.76,42,10,74
8jdk,Chain XA,homo,RPSA,125.774,141.77,31.441,57.04,82,23,94
8jdk,Chain NB,homo,RPS17,114.022,143.28,38.906,60.63,33,8,60
8jdk,Chain AA,homo,RPL23,33.155,55.08,54.93,76.42,27,5,98
8jdk,Chain IB,homo,RPS11,89.085,103.04,49.715,88.82,34,7,81
8jdk,Chain RB,homo,RPS21,124.415,140.24,32.378,50.95,36,5,66
8jdk,Chain G,homo,RPL8,22.049,58.87,36.775,66.06,23,3,64
8jdk,Chain PB,homo,RPS19,109.035,140.21,50.558,79.96,33,6,64
8jdk,Chain SB,homo,RPS15A,104.451,122.15,42.46,58.02,59,6,83
8jdk,Chain JB,homo,RPS13,78.3,105.79,46.945,71.14,33,6,69
8jdk,Chain UA,homo,RPL37A,45.452,66.96,53.841,64.64,44,6,44
8jdk,Chain YA,homo,RPS3A,86.494,103.66,31.003,49.71,48,10,91
8jdk,Chain P,homo,RPL11,73.966,98.96,54.44,81.33,32,12,91
8jdk,Chain FB,homo,RPS8,78.532,103.37,67.09,112.48,33,12,89
8jdk,Chain XB,homo,RPS27,113.011,126.33,55.407,71.99,67,9,65
8jdk,Chain O,homo,RPL10,20.488,63.26,65.796,84.56,47,8,74
8jdk,Chain TA,homo,RPL36A,40.944,66.55,54.65,77.85,55,7,46
8jdk,Chain BB,homo,RPS4,98.269,129.9,62.282,84.35,57,9,144
8jdk,Chain UB,homo,RPS24,100.551,132.08,58.005,81.53,48,10,97
8jdk,Chain J,homo,RPL5,75.118,105.91,74.319,111.95,58,10,94
8jdk,Chain RA,homo,RPL40,54.566,68.79,80.317,91.75,110,19,358
8jdk,Chain H,homo,RPL3,17.479,64.19,79.331,119.42,37,8,66
8jdk,Chain BA,homo,RPL24,56.979,67.5,81.162,100.29,70,17,105
8jdk,Chain EB,homo,RPS7,120.892,143.56,64.37,93.58,42,9,83
8jdk,Chain N,homo,RPL9,62.353,84.46,83.996,115.18,67,19,104
8jdk,Chain W,homo,RPL19,35.99,74.27,82.758,108.47,35,10,131
8jdk,Chain HA,homo,RPL30,84.47,97.53,66.343,81.72,44,3,66
8jdk,Chain DB,homo,RPS6,80.586,114.11,89.697,114.47,58,12,80
8jdk,Chain GA,homo,RPL29,23.09,88.95,82.687,134.27,68,4,31
8jdk,Chain Y,homo,RPL21,41.177,76.88,82.308,111.48,87,11,81
8jdk,Chain S,homo,RPL15,33.362,61.93,76.249,102.21,34,12,77
8jdk,Chain OA,homo,RPL37,12.847,34.06,87.779,112.91,43,8,68
8jdk,Chain I,homo,RPL4,6.172,68.18,92.945,146.84,41,12,90
8jdk,Chain X,homo,RPL18A,58.775,80.12,100.272,125.38,32,8,90
8jdk,Chain T,homo,RPL13A,33.919,70.28,101.576,131.48,40,8,81
8jdk,Chain LA,homo,RPL34,39.287,71.03,83.908,99.93,39,7,93
8jdk,Chain FA,homo,RPL27A,33.164,73.09,87.702,120.35,60,6,88
8jdk,Chain M,homo,RPL7A,68.954,94.61,68.27,107.23,102,27,206
8jdk,Chain U,homo,RPL17,4.679,33.9,98.528,136.45,67,11,84
8jdk,Chain V,homo,RPL18,56.482,77.71,89.805,132.15,42,16,98
8jdk,Chain IA,homo,RPL31,42.43,55.44,112.128,133.28,76,7,68
8jdk,Chain Q,homo,RPL13,38.64,81.91,98.403,130.67,42,12,86
8jdk,Chain NA,homo,RPL36,74.334,89.53,83.844,103.9,39,12,82
8jdk,Chain JA,homo,RPL32,29.606,56.25,108.948,143.98,54,10,75
8jdk,Chain EA,homo,RPL27,85.945,102.08,93.73,109.24,35,17,65
8jdk,Chain L,homo,RPL7,51.371,82.39,111.477,139.99,91,12,124
8jdk,Chain CA,homo,RPL23A,29.297,54.01,91.546,130.46,88,6,90
8jdk,Chain QA,homo,RPL39,10.136,22.71,107.764,123.17,38,5,26
8jdk,Chain KA,homo,RPL35A,51.186,72.05,123.322,146.25,53,10,84
8jdk,Chain Z,homo,RPL22,64.363,81.07,127.953,142.29,69,3,68
8jdk,Chain R,homo,RPL14,81.341,97.38,128.83,151.38,32,12,96
8jdk,Chain PA,homo,RPL38,67.576,78.51,125.872,138.61,27,5,44
8jdk,Chain MA,homo,RPL35,40.932,60.73,122.965,141.89,37,8,94
8jdk,Chain DA,homo,RPL26,36.989,54.06,137.049,159.44,51,8,59
8jdk,Chain K,homo,RPL6,77.304,101.97,150.759,176.37,61,11,82
8jdk,Chain VA,homo,RPL28,57.152,79.26,144.219,165.64,32,4,79
6y57,Chain TB,homo,RPS23,67.666,82.04,2.948,30.12,33,6,69
6y57,Chain AC,homo,RPS30,75.769,108.28,9.342,22.09,38,0,0
6y57,Chain AB,homo,RPS3,102.257,133.65,10.618,39.76,39,4,89
6y57,Chain ZA,homo,RPS2,101.313,125.04,8.669,26.25,116,11,97
6y57,Chain SA,homo,RPL41,47.355,60.49,17.417,32.0,5,1,3
6y57,Chain GB,homo,RPS9,102.992,127.83,9.821,38.61,40,17,111
6y57,Chain LB,homo,RPS15,78.006,111.58,19.738,65.23,31,6,121
6y57,Chain MB,homo,RPS16,91.313,140.73,20.869,63.82,54,9,68
6y57,Chain QB,homo,RPS20,104.09,145.54,29.874,63.91,37,3,95
6y57,Chain WB,homo,RPS26,82.709,99.52,10.795,29.37,52,6,82
6y57,Chain KB,homo,RPS14,75.829,96.38,9.33,36.53,54,5,121
6y57,Chain ZB,homo,RPS29,114.31,122.72,38.215,48.02,37,7,39
6y57,Chain OB,homo,RPS18,88.611,113.46,36.277,67.47,26,8,84
6y57,Chain HB,homo,RPS10,125.162,137.31,41.012,54.2,42,10,74
6y57,Chain YB,homo,RPS28,100.232,112.67,18.526,34.77,18,3,39
6y57,Chain IB,homo,RPS11,89.142,102.89,46.924,86.47,34,7,81
6y57,Chain SB,homo,RPS15A,104.427,121.23,38.707,55.24,59,6,83
6y57,Chain AA,homo,RPL23,32.364,54.41,54.673,76.17,27,5,98
6y57,Chain XA,homo,RPSA,125.707,141.61,33.181,57.88,82,23,94
6y57,Chain RB,homo,RPS21,124.062,139.46,30.916,49.08,36,5,66
6y57,Chain CB,homo,RPS5,91.715,118.01,18.349,46.38,28,5,119
6y57,Chain DC,homo,RPL40,54.117,97.72,55.465,85.36,110,19,358
6y57,Chain NB,homo,RPS17,123.698,144.3,39.933,63.09,33,8,60
6y57,Chain G,homo,RPL8,21.7,58.41,39.508,66.24,23,3,64
6y57,Chain PB,homo,RPS19,108.339,140.03,47.939,76.36,33,6,64
6y57,Chain JB,homo,RPS13,79.325,106.72,50.864,75.32,33,6,69
6y57,Chain UA,homo,RPL37A,45.082,66.37,54.014,64.79,44,6,44
6y57,Chain FB,homo,RPS8,77.496,101.79,63.763,106.8,33,12,89
6y57,Chain P,homo,RPL11,70.744,96.77,53.972,79.45,32,12,91
6y57,Chain BB,homo,RPS4,95.695,127.42,56.097,79.02,57,9,144
6y57,Chain YA,homo,RPS3A,88.335,106.52,37.861,56.27,48,10,91
6y57,Chain XB,homo,RPS27,114.327,127.14,55.12,76.09,67,9,65
6y57,Chain O,homo,RPL10,23.226,63.48,66.214,84.91,47,8,74
6y57,Chain UB,homo,RPS24,97.3,129.56,51.991,74.84,48,10,97
6y57,Chain BC,homo,RPS12,136.89,148.69,63.807,77.86,68,8,70
6y57,Chain J,homo,RPL5,74.415,104.95,75.356,110.99,58,10,94
6y57,Chain BA,homo,RPL24,56.278,94.04,80.646,111.89,70,17,105
6y57,Chain EB,homo,RPS7,119.874,143.36,61.425,91.14,42,9,83
6y57,Chain H,homo,RPL3,17.228,63.38,79.47,118.77,37,8,66
6y57,Chain VB,homo,RPS25,105.762,124.18,54.953,67.24,39,10,69
6y57,Chain N,homo,RPL9,61.92,83.68,84.419,114.88,67,19,104
6y57,Chain TA,homo,RPL36A,40.302,65.32,64.262,78.58,55,7,46
6y57,Chain DB,homo,RPS6,77.195,108.3,85.044,109.17,58,12,80
6y57,Chain W,homo,RPL19,35.038,71.82,82.702,108.52,35,10,131
6y57,Chain HA,homo,RPL30,83.267,96.3,69.398,81.85,44,3,66
6y57,Chain GA,homo,RPL29,23.439,74.01,82.866,115.35,68,4,31
6y57,Chain Y,homo,RPL21,41.089,76.21,82.45,111.07,87,11,81
6y57,Chain S,homo,RPL15,33.516,61.43,76.765,101.98,34,12,77
6y57,Chain OA,homo,RPL37,12.569,33.79,88.498,112.83,43,8,68
6y57,Chain X,homo,RPL18A,58.014,79.55,99.909,125.06,32,8,90
6y57,Chain I,homo,RPL4,5.983,67.88,92.921,146.47,41,12,90
6y57,Chain T,homo,RPL13A,33.696,69.79,101.492,131.24,40,8,81
6y57,Chain LA,homo,RPL34,38.481,69.54,83.655,99.97,39,7,93
6y57,Chain FA,homo,RPL27A,32.862,72.44,87.37,119.83,60,6,88
6y57,Chain U,homo,RPL17,4.365,33.18,98.914,135.66,67,11,84
6y57,Chain M,homo,RPL7A,68.203,93.95,69.192,107.13,102,27,206
6y57,Chain V,homo,RPL18,56.171,77.33,89.769,131.82,42,16,98
6y57,Chain IA,homo,RPL31,42.112,55.0,111.438,132.7,76,7,68
6y57,Chain NA,homo,RPL36,73.456,88.66,83.15,103.31,39,12,82
6y57,Chain Q,homo,RPL13,38.211,80.86,98.341,130.59,42,12,86
6y57,Chain JA,homo,RPL32,29.683,55.76,108.96,143.49,54,10,75
6y57,Chain EA,homo,RPL27,84.831,101.08,93.693,108.88,35,17,65
6y57,Chain L,homo,RPL7,51.234,81.91,111.064,139.56,91,12,124
6y57,Chain CA,homo,RPL23A,28.613,53.49,91.226,130.19,88,6,90
6y57,Chain QA,homo,RPL39,9.843,22.35,108.521,123.03,38,5,26
6y57,Chain KA,homo,RPL35A,50.971,71.62,123.277,145.95,53,10,84
6y57,Chain Z,homo,RPL22,64.187,80.13,126.697,141.45,69,3,68
6y57,Chain R,homo,RPL14,80.3,96.57,128.054,150.85,32,12,96
6y57,Chain PA,homo,RPL38,66.642,77.75,125.909,138.24,27,5,44
6y57,Chain MA,homo,RPL35,40.665,60.2,122.445,141.56,37,8,94
6y57,Chain DA,homo,RPL26,36.526,53.62,136.54,158.94,51,8,59
6y57,Chain K,homo,RPL6,76.52,101.37,150.958,175.79,61,11,82
6y57,Chain VA,homo,RPL28,56.463,78.77,143.524,165.1,32,4,79
8g5y,Chain J,homo,RPS2,100.812,124.93,8.84,27.53,116,11,97
8g5y,Chain G,homo,RPS3,104.458,134.92,8.206,36.76,39,4,89
8g5y,Chain IA,homo,RPS30,75.939,111.5,9.866,26.29,38,0,0
8g5y,Chain H,homo,RPS9,104.449,130.22,16.849,45.57,40,17,111
8g5y,Chain T,homo,RPS23,71.461,84.12,7.506,35.39,33,6,69
8g5y,Chain F,homo,RPSA,123.687,139.91,30.052,56.06,82,23,94
8g5y,Chain CA,homo,RPS21,122.203,137.78,31.742,50.07,36,5,66
8g5y,Chain Q,homo,RPS20,104.224,144.72,27.273,58.71,37,3,95
8g5y,Chain FA,homo,RPS26,79.81,96.3,5.523,23.7,52,6,82
8g5y,Chain W,homo,RPS29,114.637,123.14,33.334,44.68,37,7,39
8g5y,Chain R,homo,RPS10,126.643,139.17,39.373,51.79,42,10,74
8g5y,Chain N,homo,RPS15A,102.805,119.82,42.402,57.7,59,6,83
8g5y,Chain ZB,homo,RPL41,46.185,58.89,17.36,32.81,5,1,3
8g5y,Chain Z,homo,RPS17,108.509,140.32,31.238,58.33,33,8,60
8g5y,Chain P,homo,RPS16,90.094,137.13,20.605,63.39,54,9,68
8g5y,Chain AA,homo,RPS15,78.454,110.76,14.361,62.18,31,6,121
8g5y,Chain Y,homo,RPS11,86.893,100.93,50.484,89.14,34,7,81
8g5y,Chain V,homo,RPS18,72.606,109.93,25.102,66.04,26,8,84
8g5y,Chain U,homo,RPS12,139.493,155.09,52.754,77.28,68,8,70
8g5y,Chain S,homo,RPS14,73.127,92.28,7.292,30.84,54,5,121
8g5y,Chain L,homo,RPS5,83.358,112.49,9.501,43.44,28,5,119
8g5y,Chain GA,homo,RPS27,111.296,124.26,55.307,70.67,67,9,65
8g5y,Chain HA,homo,RPS28,95.988,107.7,14.813,30.81,18,3,39
8g5y,Chain YB,homo,RPL40,53.397,105.8,50.552,83.47,110,19,358
8g5y,Chain DA,homo,RPS24,99.857,130.51,57.819,82.03,48,10,97
8g5y,Chain X,homo,RPS13,76.689,104.0,46.638,70.17,33,6,69
8g5y,Chain I,homo,RPS4,96.472,127.92,62.963,84.85,57,9,144
8g5y,Chain M,homo,RPS7,118.945,141.22,63.366,92.48,42,9,83
8g5y,Chain BA,homo,RPS19,106.335,137.24,48.479,77.46,33,6,64
8g5y,Chain EA,homo,RPS25,83.822,115.04,32.143,63.49,39,10,69
8g5y,Chain E,homo,RPS3A,69.926,101.32,24.585,48.35,48,10,91
8g5y,Chain VA,homo,RPL23,32.405,54.1,55.214,76.49,27,5,98
8g5y,Chain O,homo,RPS8,77.013,101.18,67.408,111.76,33,12,89
8g5y,Chain BC,homo,RPL37A,44.324,65.7,53.854,64.64,44,6,44
8g5y,Chain MA,homo,RPL8,21.455,57.84,37.036,65.74,23,3,64
8g5y,Chain PA,homo,RPL11,72.307,96.93,53.641,80.08,32,12,91
8g5y,Chain LA,homo,RPL10A,69.136,89.51,46.589,66.81,60,18,138
8g5y,Chain K,homo,RPS6,80.118,112.92,89.558,114.23,58,12,80
8g5y,Chain JB,homo,RPL24,55.768,97.39,80.847,114.91,70,17,105
8g5y,Chain PB,homo,RPL30,82.929,95.87,63.825,80.7,44,3,66
8g5y,Chain ZA,homo,RPL10,22.014,62.67,66.327,84.41,47,8,74
8g5y,Chain CB,homo,RPL19,34.991,75.38,81.93,107.77,35,10,131
8g5y,Chain AC,homo,RPL36A,40.395,65.56,53.077,77.79,55,7,46
8g5y,Chain QA,homo,RPL9,61.086,83.02,83.693,114.3,67,19,104
8g5y,Chain NA,homo,RPL3,17.024,63.41,79.801,118.99,37,8,66
8g5y,Chain AB,homo,RPL5,73.647,104.26,77.671,110.94,58,10,94
8g5y,Chain TB,homo,RPL34,38.225,70.29,82.013,99.03,39,7,93
8g5y,Chain VB,homo,RPL37,12.217,33.48,88.295,112.54,43,8,68
8g5y,Chain NB,homo,RPL29,22.664,89.98,83.036,136.38,68,4,31
8g5y,Chain SA,homo,RPL7A,67.736,93.94,68.413,107.77,102,27,206
8g5y,Chain YA,homo,RPL15,32.798,60.96,76.604,101.74,34,12,77
8g5y,Chain EB,homo,RPL21,40.523,75.61,82.34,110.7,87,11,81
8g5y,Chain KB,homo,RPL27,84.289,100.25,92.844,108.12,35,17,65
8g5y,Chain TA,homo,RPL13A,33.251,69.14,101.084,130.64,40,8,81
8g5y,Chain DB,homo,RPL18A,57.727,78.73,99.346,124.43,32,8,90
8g5y,Chain OA,homo,RPL4,5.971,67.66,93.106,146.07,41,12,90
8g5y,Chain FB,homo,RPL17,4.968,32.85,98.005,135.32,67,11,84
8g5y,Chain QB,homo,RPL31,41.535,54.24,111.735,132.48,76,7,68
8g5y,Chain XA,homo,RPL27A,32.783,72.14,87.767,119.69,60,6,88
8g5y,Chain BB,homo,RPL18,55.631,76.71,89.647,131.37,42,16,98
8g5y,Chain UB,homo,RPL36,72.94,88.15,83.268,103.15,39,12,82
8g5y,Chain HB,homo,RPL23A,28.271,52.27,90.978,130.08,88,6,90
8g5y,Chain GB,homo,RPL22,64.017,79.6,126.754,141.02,69,3,68
8g5y,Chain XB,homo,RPL39,9.709,22.14,107.717,122.69,38,5,26
8g5y,Chain UA,homo,RPL13,37.961,80.47,98.194,130.06,42,12,86
8g5y,Chain RB,homo,RPL32,29.308,55.4,108.579,143.09,54,10,75
8g5y,Chain OB,homo,RPL7,50.501,81.2,110.817,138.97,91,12,124
8g5y,Chain SB,homo,RPL35A,50.305,71.22,122.629,145.53,53,10,84
8g5y,Chain WA,homo,RPL14,79.697,95.88,127.297,150.11,32,12,96
8g5y,Chain WB,homo,RPL38,66.229,76.91,125.208,137.63,27,5,44
8g5y,Chain MB,homo,RPL35,39.942,59.61,122.372,141.14,37,8,94
8g5y,Chain RA,homo,RPL6,75.947,100.95,149.162,175.2,61,11,82
8g5y,Chain IB,homo,RPL26,36.273,53.06,136.255,158.34,51,8,59
8g5y,Chain LB,homo,RPL28,56.857,78.11,143.345,164.42,32,4,79
7xny,Chain UB,homo,RPS14,74.035,93.46,6.54,31.35,54,5,121
7xny,Chain YA,homo,RPS5,92.462,115.21,14.284,45.63,28,5,119
7xny,Chain LB,homo,RPS26,81.186,98.25,6.552,24.76,52,6,82
7xny,Chain PA,homo,RPL41,47.115,60.29,16.97,31.59,5,1,3
7xny,Chain MB,homo,RPS28,98.056,109.66,16.519,32.23,18,3,39
7xny,Chain EB,homo,RPS16,91.997,139.97,22.467,65.79,54,9,68
7xny,Chain DB,homo,RPS15,80.104,113.63,20.503,64.71,31,6,121
7xny,Chain PB,homo,RPS2,102.434,126.66,8.744,28.25,116,11,97
7xny,Chain KB,homo,RPS23,72.749,85.32,7.141,35.28,33,6,69
7xny,Chain IB,homo,RPS20,105.956,147.45,27.776,60.64,37,3,95
7xny,Chain D,homo,RPL8,21.742,58.63,36.984,66.01,23,3,64
7xny,Chain GB,homo,RPS18,86.506,112.78,36.219,68.14,26,8,84
7xny,Chain VA,homo,RPS3A,86.828,103.62,30.895,49.93,48,10,91
7xny,Chain WA,homo,RPS3,106.268,137.35,9.307,38.1,39,4,89
7xny,Chain FB,homo,RPS17,110.884,142.17,33.614,59.77,33,8,60
7xny,Chain XB,homo,RPS25,95.183,120.0,48.963,67.66,39,10,69
7xny,Chain ZB,homo,RPS30,74.386,113.24,5.861,24.8,38,0,0
7xny,Chain HB,homo,RPS19,108.616,139.63,49.783,79.21,33,6,64
7xny,Chain NB,homo,RPS29,116.705,125.2,34.544,45.75,37,7,39
7xny,Chain RA,homo,RPL37A,45.232,66.61,53.891,64.71,44,6,44
7xny,Chain M,homo,RPL11,73.293,98.13,54.499,80.55,32,12,91
7xny,Chain TB,homo,RPS13,77.905,105.34,47.058,71.0,33,6,69
7xny,Chain UA,homo,RPSA,125.529,141.85,31.025,57.56,82,23,94
7xny,Chain QA,homo,RPL36A,40.772,66.14,58.697,78.16,55,7,46
7xny,Chain JB,homo,RPS21,124.027,139.69,32.635,51.23,36,5,66
7xny,Chain RB,homo,RPS9,106.332,132.0,16.893,46.16,40,17,111
7xny,Chain VB,homo,RPS15A,104.091,121.46,42.755,58.33,59,6,83
7xny,Chain L,homo,RPL10,23.424,63.89,66.357,84.91,47,8,74
7xny,Chain BB,homo,RPS10,128.476,141.62,40.981,52.86,42,10,74
7xny,Chain X,homo,RPL23,33.016,54.87,55.106,76.43,27,5,98
7xny,Chain CB,homo,RPS11,87.97,102.01,50.414,89.45,34,7,81
7xny,Chain YB,homo,RPS27,112.736,125.71,56.121,71.74,67,9,65
7xny,Chain EA,homo,RPL30,84.011,97.07,64.978,81.51,44,3,66
7xny,Chain P,homo,RPL15,33.031,61.68,76.285,102.09,34,12,77
7xny,Chain AB,homo,RPS8,77.949,102.43,67.688,112.55,33,12,89
7xny,Chain G,homo,RPL5,74.651,105.51,79.331,111.68,58,10,94
7xny,Chain AC,homo,RPL40,54.214,107.89,55.491,85.31,110,19,358
7xny,Chain J,homo,RPL7A,68.798,94.3,68.867,105.99,102,27,206
7xny,Chain V,homo,RPL21,41.164,76.53,82.603,111.2,87,11,81
7xny,Chain DA,homo,RPL29,22.931,90.51,82.889,136.48,68,4,31
7xny,Chain E,homo,RPL3,17.276,64.22,79.318,119.41,37,8,66
7xny,Chain ZA,homo,RPS7,120.437,143.22,64.411,93.92,42,9,83
7xny,Chain T,homo,RPL19,35.866,76.4,82.354,108.4,35,10,131
7xny,Chain KA,homo,RPL36,73.801,89.13,83.489,103.59,39,12,82
7xny,Chain CA,homo,RPL27A,32.966,72.92,87.837,120.21,60,6,88
7xny,Chain LA,homo,RPL37,12.856,33.95,87.941,112.87,43,8,68
7xny,Chain S,homo,RPL18,56.355,77.53,89.863,131.99,42,16,98
7xny,Chain IA,homo,RPL34,38.934,71.27,82.114,99.52,39,7,93
7xny,Chain F,homo,RPL4,5.945,68.38,92.882,146.79,41,12,90
7xny,Chain Y,homo,RPL24,56.698,98.47,81.022,116.03,70,17,105
7xny,Chain SB,homo,RPS12,142.084,156.8,52.738,77.92,68,8,70
7xny,Chain XA,homo,RPS4,97.588,129.5,63.745,85.54,57,9,144
7xny,Chain Z,homo,RPL23A,29.01,53.18,91.492,130.73,88,6,90
7xny,Chain R,homo,RPL17,5.21,33.32,98.257,135.78,67,11,84
7xny,Chain N,homo,RPL13,38.663,81.9,98.483,130.24,42,12,86
7xny,Chain K,homo,RPL9,62.2,84.12,84.03,114.86,67,19,104
7xny,Chain BA,homo,RPL27,85.506,101.58,93.583,109.1,35,17,65
7xny,Chain U,homo,RPL18A,58.554,79.72,99.696,125.07,32,8,90
7xny,Chain WB,homo,RPS24,101.203,133.07,58.741,82.29,48,10,97
7xny,Chain Q,homo,RPL13A,33.757,69.99,101.233,131.29,40,8,81
7xny,Chain QB,homo,RPS6,81.454,114.26,90.158,115.15,58,12,80
7xny,Chain NA,homo,RPL39,10.074,22.62,108.702,123.2,38,5,26
7xny,Chain GA,homo,RPL32,29.532,56.0,108.799,143.74,54,10,75
7xny,Chain I,homo,RPL7,51.252,82.1,111.315,139.67,91,12,124
7xny,Chain FA,homo,RPL31,42.266,55.19,111.95,133.06,76,7,68
7xny,Chain HA,homo,RPL35A,50.808,71.84,123.038,146.02,53,10,84
7xny,Chain JA,homo,RPL35,40.915,60.46,123.096,141.89,37,8,94
7xny,Chain MA,homo,RPL38,67.374,78.21,125.697,138.38,27,5,44
7xny,Chain W,homo,RPL22,64.139,80.51,127.745,141.93,69,3,68
7xny,Chain O,homo,RPL14,80.496,97.23,127.784,151.27,32,12,96
7xny,Chain AA,homo,RPL26,36.817,53.9,136.994,159.2,51,8,59
7xny,Chain SA,homo,RPL28,57.381,79.02,143.992,165.39,32,4,79
7xny,Chain H,homo,RPL6,76.725,101.8,150.057,176.02,61,11,82
6y0g,Chain MB,homo,RPS14,74.864,95.02,5.862,30.26,54,5,121
6y0g,Chain DB,homo,RPS5,87.427,115.48,11.473,44.61,28,5,119
6y0g,Chain YB,homo,RPS26,82.062,98.57,7.567,24.96,52,6,82
6y0g,Chain AC,homo,RPS28,97.015,110.81,15.638,32.05,18,3,39
6y0g,Chain TA,homo,RPL41,46.829,60.24,16.558,31.23,5,1,3
6y0g,Chain OB,homo,RPS16,90.636,139.85,21.533,65.42,54,9,68
6y0g,Chain NB,homo,RPS15,74.692,110.47,8.015,62.22,31,6,121
6y0g,Chain AB,homo,RPS2,101.784,125.49,6.404,24.49,116,11,97
6y0g,Chain XB,homo,RPS25,85.308,116.4,31.711,62.91,39,10,69
6y0g,Chain ZA,homo,RPS3A,88.683,105.44,31.201,49.39,48,10,91
6y0g,Chain H,homo,RPL8,21.58,58.28,36.735,66.04,23,3,64
6y0g,Chain PB,homo,RPS17,112.668,142.1,37.348,58.37,33,8,60
6y0g,Chain QB,homo,RPS18,75.027,111.81,25.811,67.46,26,8,84
6y0g,Chain SB,homo,RPS20,105.037,146.19,28.69,60.16,37,3,95
6y0g,Chain VB,homo,RPS23,69.08,82.6,5.622,33.86,33,6,69
6y0g,Chain BB,homo,RPS3,104.492,134.62,9.762,37.08,39,4,89
6y0g,Chain LB,homo,RPS13,78.644,105.86,46.956,71.52,33,6,69
6y0g,Chain CC,homo,RPS30,77.069,110.79,8.891,26.15,38,0,0
6y0g,Chain YA,homo,RPSA,125.439,141.17,27.745,54.06,82,23,94
6y0g,Chain BC,homo,RPS29,115.083,123.89,35.181,46.01,37,7,39
6y0g,Chain RB,homo,RPS19,108.344,139.33,50.49,79.0,33,6,64
6y0g,Chain VA,homo,RPL37A,44.897,66.2,53.719,64.47,44,6,44
6y0g,Chain UA,homo,RPL36A,40.851,66.05,53.481,77.78,55,7,46
6y0g,Chain TB,homo,RPS21,123.685,139.23,27.957,46.74,36,5,66
6y0g,Chain Q,homo,RPL11,71.821,97.73,53.122,80.71,32,12,91
6y0g,Chain UB,homo,RPS15A,103.336,121.03,39.301,54.89,59,6,83
6y0g,Chain ZB,homo,RPS27,113.75,126.37,52.128,71.8,67,9,65
6y0g,Chain IA,homo,RPL30,83.246,96.36,63.488,80.81,44,3,66
6y0g,Chain HB,homo,RPS9,102.802,129.03,15.712,44.64,40,17,111
6y0g,Chain N,homo,RPL7A,68.176,93.74,67.774,106.67,102,27,206
6y0g,Chain IB,homo,RPS10,126.188,139.06,41.625,54.6,42,10,74
6y0g,Chain JB,homo,RPS11,89.008,103.05,48.094,88.34,34,7,81
6y0g,Chain P,homo,RPL10,16.404,61.86,65.414,83.83,47,8,74
6y0g,Chain DC,homo,RPL40,53.913,106.19,45.841,84.03,110,19,358
6y0g,Chain BA,homo,RPL23,32.781,54.45,55.086,76.35,27,5,98
6y0g,Chain FB,homo,RPS7,119.398,142.67,60.36,90.43,42,9,83
6y0g,Chain T,homo,RPL15,33.13,61.4,76.507,102.0,34,12,77
6y0g,Chain GB,homo,RPS8,77.612,102.39,66.072,110.97,33,12,89
6y0g,Chain OA,homo,RPL36,73.472,88.75,83.136,103.44,39,12,82
6y0g,Chain K,homo,RPL5,74.149,104.97,74.558,111.37,58,10,94
6y0g,Chain X,homo,RPL19,35.312,73.5,82.208,108.0,35,10,131
6y0g,Chain MA,homo,RPL34,38.999,70.89,82.334,99.31,39,7,93
6y0g,Chain Z,homo,RPL21,40.838,76.15,81.998,110.93,87,11,81
6y0g,Chain HA,homo,RPL29,22.738,80.19,82.422,121.28,68,4,31
6y0g,Chain GA,homo,RPL27A,32.926,72.64,87.495,120.03,60,6,88
6y0g,Chain PA,homo,RPL37,12.567,33.76,88.081,112.85,43,8,68
6y0g,Chain I,homo,RPL3,17.23,63.7,79.321,119.12,37,8,66
6y0g,Chain DA,homo,RPL23A,28.767,53.44,91.061,130.13,88,6,90
6y0g,Chain W,homo,RPL18,56.403,77.27,90.038,131.83,42,16,98
6y0g,Chain FA,homo,RPL27,85.252,101.0,93.526,108.49,35,17,65
6y0g,Chain J,homo,RPL4,5.976,67.87,93.094,146.49,41,12,90
6y0g,Chain CB,homo,RPS4,95.487,127.61,59.883,82.69,57,9,144
6y0g,Chain CA,homo,RPL24,56.185,92.32,81.107,113.69,70,17,105
6y0g,Chain KB,homo,RPS12,136.46,151.48,57.852,78.89,68,8,70
6y0g,Chain R,homo,RPL13,38.477,81.33,98.029,130.35,42,12,86
6y0g,Chain V,homo,RPL17,4.549,33.26,98.72,135.73,67,11,84
6y0g,Chain O,homo,RPL9,61.738,83.62,83.7,114.68,67,19,104
6y0g,Chain WB,homo,RPS24,96.791,128.79,57.964,81.44,48,10,97
6y0g,Chain RA,homo,RPL39,9.8,22.39,108.421,123.0,38,5,26
6y0g,Chain EB,homo,RPS6,76.916,110.57,88.36,113.17,58,12,80
6y0g,Chain Y,homo,RPL18A,58.062,79.41,99.832,124.88,32,8,90
6y0g,Chain U,homo,RPL13A,33.676,69.7,101.364,131.07,40,8,81
6y0g,Chain KA,homo,RPL32,29.456,55.85,108.695,143.6,54,10,75
6y0g,Chain M,homo,RPL7,50.935,81.78,111.167,139.41,91,12,124
6y0g,Chain JA,homo,RPL31,41.914,54.9,111.73,132.84,76,7,68
6y0g,Chain NA,homo,RPL35,40.231,60.08,122.661,141.64,37,8,94
6y0g,Chain QA,homo,RPL38,67.354,77.64,125.206,138.01,27,5,44
6y0g,Chain LA,homo,RPL35A,50.472,71.53,122.738,145.77,53,10,84
6y0g,Chain AA,homo,RPL22,62.944,79.95,126.996,141.51,69,3,68
6y0g,Chain EA,homo,RPL26,36.66,53.63,136.616,158.99,51,8,59
6y0g,Chain S,homo,RPL14,80.618,96.53,128.262,150.73,32,12,96
6y0g,Chain WA,homo,RPL28,56.72,78.7,143.64,165.08,32,4,79
6y0g,Chain L,homo,RPL6,76.778,101.31,150.476,175.74,61,11,82
8scb,Chain NB,homo,RPS14,73.029,91.07,6.914,29.29,54,5,121
8scb,Chain ZB,homo,RPS26,79.773,96.17,5.644,23.79,52,6,82
8scb,Chain EB,homo,RPS5,88.241,113.27,14.048,44.37,28,5,119
8scb,Chain BC,homo,RPS28,95.763,108.2,14.64,30.53,18,3,39
8scb,Chain MA,homo,RPL41,46.641,59.09,19.095,32.78,5,1,3
8scb,Chain PB,homo,RPS16,90.917,137.18,20.866,63.34,54,9,68
8scb,Chain BB,homo,RPS2,101.23,124.46,9.21,27.56,116,11,97
8scb,Chain AB,homo,RPS3A,85.81,102.04,30.047,48.95,48,10,91
8scb,Chain QB,homo,RPS17,121.204,142.5,39.254,59.68,33,8,60
8scb,Chain TB,homo,RPS20,104.542,145.31,26.858,58.72,37,3,95
8scb,Chain A,homo,RPL8,21.586,57.86,42.331,66.5,23,3,64
8scb,Chain WB,homo,RPS23,71.65,84.21,7.32,35.28,33,6,69
8scb,Chain RB,homo,RPS18,87.935,111.6,35.4,67.34,26,8,84
8scb,Chain CB,homo,RPS3,104.813,135.14,7.777,36.16,39,4,89
8scb,Chain ZA,homo,RPSA,123.93,139.18,30.312,55.58,82,23,94
8scb,Chain CC,homo,RPS29,115.07,123.54,33.009,43.87,37,7,39
8scb,Chain MB,homo,RPS13,76.901,103.92,46.752,70.29,33,6,69
8scb,Chain OB,homo,RPS15,78.569,114.1,34.956,65.28,31,6,121
8scb,Chain YB,homo,RPS25,94.862,118.39,51.421,66.6,39,10,69
8scb,Chain SB,homo,RPS19,106.611,137.09,47.907,77.16,33,6,64
8scb,Chain OA,homo,RPL37A,44.433,65.68,53.965,64.64,44,6,44
8scb,Chain UB,homo,RPS21,122.316,137.74,32.658,50.04,36,5,66
8scb,Chain DC,homo,RPS30,77.532,111.67,11.475,26.62,38,0,0
8scb,Chain J,homo,RPL11,72.692,96.82,54.16,79.72,32,12,91
8scb,Chain VB,homo,RPS15A,102.84,119.97,42.571,58.0,59,6,83
8scb,Chain NA,homo,RPL36A,40.206,65.26,58.894,77.88,55,7,46
8scb,Chain AC,homo,RPS27,111.145,124.07,56.042,70.44,67,9,65
8scb,Chain IB,homo,RPS9,104.211,130.13,17.0,45.55,40,17,111
8scb,Chain KB,homo,RPS11,87.076,100.69,50.6,88.8,34,7,81
8scb,Chain JB,homo,RPS10,127.053,138.41,38.905,50.94,42,10,74
8scb,Chain EC,homo,RPL40,100.107,136.4,38.455,74.04,110,19,358
8scb,Chain G,homo,RPL7A,67.678,92.48,69.927,106.82,102,27,206
8scb,Chain BA,homo,RPL30,82.95,95.64,68.917,81.49,44,3,66
8scb,Chain I,homo,RPL10,22.537,62.62,66.32,84.57,47,8,74
8scb,Chain U,homo,RPL23,32.372,53.8,55.215,76.19,27,5,98
8scb,Chain M,homo,RPL15,32.576,60.87,76.314,101.69,34,12,77
8scb,Chain GB,homo,RPS7,118.401,141.88,64.103,92.71,42,9,83
8scb,Chain HB,homo,RPS8,76.945,101.15,67.128,111.69,33,12,89
8scb,Chain HA,homo,RPL36,72.885,88.02,83.245,102.99,39,12,82
8scb,Chain Q,homo,RPL19,34.796,72.92,81.91,107.43,35,10,131
8scb,Chain FA,homo,RPL34,38.08,70.19,82.449,99.07,39,7,93
8scb,Chain D,homo,RPL5,73.667,104.1,79.104,110.82,58,10,94
8scb,Chain S,homo,RPL21,40.584,75.62,82.543,110.79,87,11,81
8scb,Chain RA,homo,RPL12,85.727,99.99,59.761,81.31,61,7,89
8scb,Chain AA,homo,RPL29,22.516,79.49,83.032,120.65,68,4,31
8scb,Chain Z,homo,RPL27A,32.769,72.08,87.771,119.63,60,6,88
8scb,Chain IA,homo,RPL37,12.549,33.47,88.229,112.5,43,8,68
8scb,Chain P,homo,RPL18,55.532,76.61,89.457,131.3,42,16,98
8scb,Chain B,homo,RPL3,17.072,62.8,79.814,118.57,37,8,66
8scb,Chain W,homo,RPL23A,28.397,51.96,91.096,130.16,88,6,90
8scb,Chain Y,homo,RPL27,84.167,100.2,92.823,108.24,35,17,65
8scb,Chain C,homo,RPL4,6.376,66.9,92.893,145.67,41,12,90
8scb,Chain DB,homo,RPS4,96.391,127.54,63.071,84.86,57,9,144
8scb,Chain V,homo,RPL24,55.605,66.12,80.752,99.66,70,17,105
8scb,Chain LB,homo,RPS12,141.737,155.41,54.576,75.6,68,8,70
8scb,Chain K,homo,RPL13,38.038,80.9,98.33,129.46,42,12,86
8scb,Chain O,homo,RPL17,5.064,32.7,97.825,135.16,67,11,84
8scb,Chain XB,homo,RPS24,99.683,130.86,57.814,81.36,48,10,97
8scb,Chain H,homo,RPL9,60.872,82.8,83.616,114.04,67,19,104
8scb,Chain KA,homo,RPL39,9.721,22.12,107.5,122.98,38,5,26
8scb,Chain R,homo,RPL18A,57.779,78.66,99.398,124.43,32,8,90
8scb,Chain FB,homo,RPS6,80.249,112.69,89.642,114.43,58,12,80
8scb,Chain N,homo,RPL13A,33.217,68.95,100.976,130.46,40,8,81
8scb,Chain DA,homo,RPL32,29.261,55.37,108.643,143.03,54,10,75
8scb,Chain QA,homo,RPLP0,91.265,106.24,84.485,108.55,64,7,116
8scb,Chain F,homo,RPL7,50.654,81.15,110.893,138.95,91,12,124
8scb,Chain CA,homo,RPL31,41.518,54.74,111.694,131.37,76,7,68
8scb,Chain GA,homo,RPL35,39.984,59.5,122.38,141.08,37,8,94
8scb,Chain JA,homo,RPL38,66.078,76.92,125.174,137.4,27,5,44
8scb,Chain EA,homo,RPL35A,50.325,70.91,122.675,145.27,53,10,84
8scb,Chain T,homo,RPL22,64.69,79.63,126.875,140.79,69,3,68
8scb,Chain X,homo,RPL26,36.155,52.94,136.116,158.22,51,8,59
8scb,Chain L,homo,RPL14,79.409,95.76,127.264,150.1,32,12,96
8scb,Chain PA,homo,RPL28,56.677,78.0,143.191,164.32,32,4,79
8scb,Chain E,homo,RPL6,75.787,100.27,148.888,174.68,61,11,82
6y2l,Chain SA,homo,RPL41,46.955,60.03,16.966,31.83,5,1,3
6y2l,Chain LB,homo,RPS15,79.333,112.44,16.263,63.16,31,6,121
6y2l,Chain TB,homo,RPS23,71.189,85.05,6.902,35.06,33,6,69
6y2l,Chain MB,homo,RPS16,91.779,138.76,21.558,64.79,54,9,68
6y2l,Chain ZA,homo,RPS2,101.925,125.75,8.958,27.89,116,11,97
6y2l,Chain KB,homo,RPS14,73.542,92.84,6.595,30.96,54,5,121
6y2l,Chain CB,homo,RPS5,85.437,113.62,9.389,44.2,28,5,119
6y2l,Chain WB,homo,RPS26,80.495,97.07,5.917,24.2,52,6,82
6y2l,Chain AC,homo,RPS30,73.06,113.52,4.886,24.0,38,0,0
6y2l,Chain AB,homo,RPS3,105.318,136.1,8.453,37.11,39,4,89
6y2l,Chain QB,homo,RPS20,104.873,146.01,27.702,59.57,37,3,95
6y2l,Chain OB,homo,RPS18,81.437,111.67,33.997,67.37,26,8,84
6y2l,Chain YB,homo,RPS28,97.931,109.24,16.456,31.77,18,3,39
6y2l,Chain ZB,homo,RPS29,115.587,124.36,33.844,44.91,37,7,39
6y2l,Chain NB,homo,RPS17,112.907,141.63,38.762,59.43,33,8,60
6y2l,Chain G,homo,RPL8,21.665,58.26,37.521,66.04,23,3,64
6y2l,Chain PB,homo,RPS19,107.769,138.67,49.023,78.44,33,6,64
6y2l,Chain GB,homo,RPS9,105.264,130.76,16.414,44.94,40,17,111
6y2l,Chain XA,homo,RPSA,124.399,140.51,31.191,56.57,82,23,94
6y2l,Chain YA,homo,RPS3A,86.092,102.89,30.674,49.51,48,10,91
6y2l,Chain HB,homo,RPS10,127.893,140.28,40.06,52.13,42,10,74
6y2l,Chain UA,homo,RPL37A,44.764,66.23,53.969,64.59,44,6,44
6y2l,Chain VB,homo,RPS25,96.247,119.35,49.699,67.21,39,10,69
6y2l,Chain P,homo,RPL11,72.459,97.54,53.639,80.13,32,12,91
6y2l,Chain JB,homo,RPS13,77.521,104.76,46.83,70.74,33,6,69
6y2l,Chain AA,homo,RPL23,32.626,54.52,55.31,76.36,27,5,98
6y2l,Chain RB,homo,RPS21,123.191,138.96,32.595,50.98,36,5,66
6y2l,Chain TA,homo,RPL36A,40.673,65.96,53.142,77.68,55,7,46
6y2l,Chain IB,homo,RPS11,87.114,101.77,50.371,89.49,34,7,81
6y2l,Chain SB,homo,RPS15A,103.687,120.95,42.617,58.11,59,6,83
6y2l,Chain O,homo,RPL10,21.685,62.73,66.116,84.44,47,8,74
6y2l,Chain XB,homo,RPS27,112.076,125.04,53.906,71.37,67,9,65
6y2l,Chain FB,homo,RPS8,77.538,101.97,67.01,112.06,33,12,89
6y2l,Chain J,homo,RPL5,74.277,104.93,75.152,111.3,58,10,94
6y2l,Chain H,homo,RPL3,17.212,63.5,79.592,118.97,37,8,66
6y2l,Chain HA,homo,RPL30,83.441,96.35,64.605,81.13,44,3,66
6y2l,Chain EB,homo,RPS7,119.726,142.2,64.25,92.99,42,9,83
6y2l,Chain BB,homo,RPS4,97.17,128.85,63.263,84.95,57,9,144
6y2l,Chain W,homo,RPL19,35.309,71.88,82.189,107.94,35,10,131
6y2l,Chain BA,homo,RPL24,56.46,95.4,81.106,114.5,70,17,105
6y2l,Chain RA,homo,RPL40,54.071,68.26,80.282,91.56,110,19,358
6y2l,Chain GA,homo,RPL29,23.048,80.08,82.729,121.04,68,4,31
6y2l,Chain S,homo,RPL15,33.094,61.4,76.558,102.02,34,12,77
6y2l,Chain Y,homo,RPL21,40.984,76.18,82.333,110.97,87,11,81
6y2l,Chain N,homo,RPL9,61.855,83.67,83.793,114.73,67,19,104
6y2l,Chain UB,homo,RPS24,100.421,132.49,57.873,81.4,48,10,97
6y2l,Chain OA,homo,RPL37,12.559,33.76,87.973,112.79,43,8,68
6y2l,Chain M,homo,RPL7A,68.265,93.85,68.825,106.9,102,27,206
6y2l,Chain FA,homo,RPL27A,32.968,72.6,87.412,119.98,60,6,88
6y2l,Chain I,homo,RPL4,6.097,67.69,92.837,146.35,41,12,90
6y2l,Chain LA,homo,RPL34,38.642,70.88,83.895,99.43,39,7,93
6y2l,Chain DB,homo,RPS6,80.866,112.66,89.546,114.33,58,12,80
6y2l,Chain V,homo,RPL18,56.199,77.2,89.695,131.74,42,16,98
6y2l,Chain NA,homo,RPL36,73.368,88.71,83.299,103.42,39,12,82
6y2l,Chain U,homo,RPL17,4.56,33.15,98.482,135.64,67,11,84
6y2l,Chain X,homo,RPL18A,58.085,79.41,99.897,124.87,32,8,90
6y2l,Chain T,homo,RPL13A,33.58,69.66,101.506,131.04,40,8,81
6y2l,Chain Q,homo,RPL13,38.433,80.91,98.119,130.58,42,12,86
6y2l,Chain CA,homo,RPL23A,28.863,53.45,91.19,130.12,88,6,90
6y2l,Chain EA,homo,RPL27,85.482,100.92,93.64,108.64,35,17,65
6y2l,Chain JA,homo,RPL32,29.537,55.78,108.896,143.53,54,10,75
6y2l,Chain IA,homo,RPL31,41.993,54.88,111.74,132.8,76,7,68
6y2l,Chain L,homo,RPL7,50.909,81.77,111.054,139.42,91,12,124
6y2l,Chain QA,homo,RPL39,9.834,22.46,109.024,123.06,38,5,26
6y2l,Chain KA,homo,RPL35A,50.237,71.53,122.412,145.8,53,10,84
6y2l,Chain Z,homo,RPL22,62.679,79.98,127.225,141.49,69,3,68
6y2l,Chain R,homo,RPL14,80.327,96.76,127.723,151.02,32,12,96
6y2l,Chain PA,homo,RPL38,67.061,77.68,125.338,138.1,27,5,44
6y2l,Chain MA,homo,RPL35,40.224,60.13,122.729,141.51,37,8,94
6y2l,Chain DA,homo,RPL26,36.545,53.57,136.879,158.88,51,8,59
6y2l,Chain VA,homo,RPL28,56.717,78.65,143.762,165.01,32,4,79
6y2l,Chain K,homo,RPL6,76.373,101.2,150.681,175.53,61,11,82
7qwq,Chain GA,homo,RPL41,NA,NA,16.966,31.83,5,1,3
7qwq,NA,homo,RPS15,NA,NA,16.263,63.16,31,6,121
7qwq,NA,homo,RPS23,NA,NA,6.902,35.06,33,6,69
7qwq,NA,homo,RPS16,NA,NA,21.558,64.79,54,9,68
7qwq,NA,homo,RPS2,NA,NA,8.958,27.89,116,11,97
7qwq,NA,homo,RPS14,NA,NA,6.595,30.96,54,5,121
7qwq,NA,homo,RPS5,NA,NA,9.389,44.2,28,5,119
7qwq,NA,homo,RPS26,NA,NA,5.917,24.2,52,6,82
7qwq,NA,homo,RPS30,NA,NA,4.886,24.0,38,0,0
7qwq,NA,homo,RPS3,NA,NA,8.453,37.11,39,4,89
7qwq,NA,homo,RPS20,NA,NA,27.702,59.57,37,3,95
7qwq,NA,homo,RPS18,NA,NA,33.997,67.37,26,8,84
7qwq,NA,homo,RPS28,NA,NA,16.456,31.77,18,3,39
7qwq,NA,homo,RPS29,NA,NA,33.844,44.91,37,7,39
7qwq,NA,homo,RPS17,NA,NA,38.762,59.43,33,8,60
7qwq,Chain G,homo,RPL8,NA,NA,37.521,66.04,23,3,64
7qwq,NA,homo,RPS19,NA,NA,49.023,78.44,33,6,64
7qwq,NA,homo,RPS9,NA,NA,16.414,44.94,40,17,111
7qwq,NA,homo,RPSA,NA,NA,31.191,56.57,82,23,94
7qwq,NA,homo,RPS3A,NA,NA,30.674,49.51,48,10,91
7qwq,NA,homo,RPS10,NA,NA,40.06,52.13,42,10,74
7qwq,Chain KA,homo,RPL37A,NA,NA,53.969,64.59,44,6,44
7qwq,NA,homo,RPS25,NA,NA,49.699,67.21,39,10,69
7qwq,Chain Z,homo,RPL11,NA,NA,53.639,80.13,32,12,91
7qwq,NA,homo,RPS13,NA,NA,46.83,70.74,33,6,69
7qwq,Chain RA,homo,RPL23,NA,NA,55.31,76.36,27,5,98
7qwq,NA,homo,RPS21,NA,NA,32.595,50.98,36,5,66
7qwq,Chain IA,homo,RPL36A,NA,NA,53.142,77.68,55,7,46
7qwq,NA,homo,RPS11,NA,NA,50.371,89.49,34,7,81
7qwq,NA,homo,RPS15A,NA,NA,42.617,58.11,59,6,83
7qwq,Chain X,homo,RPL10,NA,NA,66.116,84.44,47,8,74
7qwq,NA,homo,RPS27,NA,NA,53.906,71.37,67,9,65
7qwq,NA,homo,RPS8,NA,NA,67.01,112.06,33,12,89
7qwq,Chain N,homo,RPL5,NA,NA,75.152,111.3,58,10,94
7qwq,Chain J,homo,RPL3,NA,NA,79.592,118.97,37,8,66
7qwq,Chain K,homo,RPL30,NA,NA,64.605,81.13,44,3,66
7qwq,NA,homo,RPS7,NA,NA,64.25,92.99,42,9,83
7qwq,NA,homo,RPS4,NA,NA,63.263,84.95,57,9,144
7qwq,Chain NA,homo,RPL19,NA,NA,82.189,107.94,35,10,131
7qwq,Chain SA,homo,RPL24,NA,NA,81.106,114.5,70,17,105
7qwq,Chain EA,homo,RPL40,NA,NA,80.282,91.56,110,19,358
7qwq,Chain H,homo,RPL29,NA,NA,82.729,121.04,68,4,31
7qwq,Chain FA,homo,RPL15,NA,NA,76.558,102.02,34,12,77
7qwq,Chain PA,homo,RPL21,NA,NA,82.333,110.97,87,11,81
7qwq,Chain V,homo,RPL9,NA,NA,83.793,114.73,67,19,104
7qwq,NA,homo,RPS24,NA,NA,57.873,81.4,48,10,97
7qwq,Chain Y,homo,RPL37,NA,NA,87.973,112.79,43,8,68
7qwq,Chain T,homo,RPL7A,NA,NA,68.825,106.9,102,27,206
7qwq,Chain YA,homo,RPL27A,NA,NA,87.412,119.98,60,6,88
7qwq,Chain L,homo,RPL4,NA,NA,92.837,146.35,41,12,90
7qwq,Chain S,homo,RPL34,NA,NA,83.895,99.43,39,7,93
7qwq,NA,homo,RPS6,NA,NA,89.546,114.33,58,12,80
7qwq,Chain LA,homo,RPL18,NA,NA,89.695,131.74,42,16,98
7qwq,Chain W,homo,RPL36,NA,NA,83.299,103.42,39,12,82
7qwq,Chain JA,homo,RPL17,NA,NA,98.482,135.64,67,11,84
7qwq,Chain OA,homo,RPL18A,NA,NA,99.897,124.87,32,8,90
7qwq,Chain HA,homo,RPL13A,NA,NA,101.506,131.04,40,8,81
7qwq,Chain BA,homo,RPL13,NA,NA,98.119,130.58,42,12,86
7qwq,Chain TA,homo,RPL23A,NA,NA,91.19,130.12,88,6,90
7qwq,Chain XA,homo,RPL27,NA,NA,93.64,108.64,35,17,65
7qwq,Chain O,homo,RPL32,NA,NA,108.896,143.53,54,10,75
7qwq,Chain M,homo,RPL31,NA,NA,111.74,132.8,76,7,68
7qwq,Chain R,homo,RPL7,NA,NA,111.054,139.42,91,12,124
7qwq,Chain CA,homo,RPL39,NA,NA,109.024,123.06,38,5,26
7qwq,Chain Q,homo,RPL35A,NA,NA,122.412,145.8,53,10,84
7qwq,Chain QA,homo,RPL22,NA,NA,127.225,141.49,69,3,68
7qwq,Chain DA,homo,RPL14,NA,NA,127.723,151.02,32,12,96
7qwq,Chain AA,homo,RPL38,NA,NA,125.338,138.1,27,5,44
7qwq,Chain U,homo,RPL35,NA,NA,122.729,141.51,37,8,94
7qwq,Chain VA,homo,RPL26,NA,NA,136.879,158.88,51,8,59
7qwq,Chain MA,homo,RPL28,NA,NA,143.762,165.01,32,4,79
7qwq,Chain P,homo,RPL6,NA,NA,150.681,175.53,61,11,82
6z6m,Chain XA,homo,RPS3,97.039,130.65,8.867,37.62,39,4,89
6z6m,Chain LB,homo,RPS23,69.633,83.43,4.391,32.08,33,6,69
6z6m,Chain QB,homo,RPS2,101.092,125.99,8.623,26.41,116,11,97
6z6m,Chain AC,homo,RPS30,69.937,110.87,6.813,22.56,38,0,0
6z6m,Chain SB,homo,RPS9,103.998,129.97,12.979,42.52,40,17,111
6z6m,Chain PA,homo,RPL41,47.241,60.49,17.985,32.18,5,1,3
6z6m,Chain JB,homo,RPS20,102.849,145.18,29.493,61.32,37,3,95
6z6m,Chain MB,homo,RPS26,82.794,99.74,10.028,28.69,52,6,82
6z6m,Chain OB,homo,RPS29,111.32,119.55,36.238,47.33,37,7,39
6z6m,Chain CB,homo,RPS10,118.243,129.71,39.1,52.39,42,10,74
6z6m,Chain FB,homo,RPS16,93.987,146.32,22.467,68.38,54,9,68
6z6m,Chain EB,homo,RPS15,78.508,108.92,22.044,64.4,31,6,121
6z6m,Chain BC,homo,RPL40,54.409,99.53,40.788,82.29,110,19,358
6z6m,Chain VA,homo,RPSA,126.582,142.67,31.63,57.89,82,23,94
6z6m,Chain KB,homo,RPS21,124.377,139.9,30.669,48.82,36,5,66
6z6m,Chain VB,homo,RPS14,75.582,96.3,8.816,36.24,54,5,121
6z6m,Chain GB,homo,RPS17,113.01,143.75,38.65,60.56,33,8,60
6z6m,Chain WB,homo,RPS15A,104.421,121.63,39.479,55.8,59,6,83
6z6m,Chain DB,homo,RPS11,88.318,103.42,48.184,89.85,34,7,81
6z6m,Chain HB,homo,RPS18,88.442,117.79,37.229,68.57,26,8,84
6z6m,Chain TB,homo,RPS12,124.393,140.47,56.733,77.32,68,8,70
6z6m,Chain NB,homo,RPS28,108.187,122.39,24.667,41.87,18,3,39
6z6m,Chain ZA,homo,RPS5,98.32,126.18,21.235,50.92,28,5,119
6z6m,Chain X,homo,RPL23,32.869,54.66,54.773,76.29,27,5,98
6z6m,Chain IB,homo,RPS19,112.146,144.48,49.57,79.12,33,6,64
6z6m,Chain ZB,homo,RPS27,114.768,127.73,54.516,75.6,67,9,65
6z6m,Chain UB,homo,RPS13,80.402,107.36,51.094,75.08,33,6,69
6z6m,Chain XB,homo,RPS24,98.672,129.54,54.835,78.94,48,10,97
6z6m,Chain YA,homo,RPS4,96.097,128.28,59.828,81.78,57,9,144
6z6m,Chain BB,homo,RPS8,77.27,102.45,65.632,110.6,33,12,89
6z6m,Chain D,homo,RPL8,21.786,58.54,37.176,66.08,23,3,64
6z6m,Chain WA,homo,RPS3A,89.572,106.73,36.657,55.18,48,10,91
6z6m,Chain RA,homo,RPL37A,45.071,66.53,53.994,64.78,44,6,44
6z6m,Chain M,homo,RPL11,73.019,98.83,54.398,81.72,32,12,91
6z6m,Chain AB,homo,RPS7,120.933,144.58,62.001,92.3,42,9,83
6z6m,Chain L,homo,RPL10,23.868,63.75,66.061,84.84,47,8,74
6z6m,Chain QA,homo,RPL36A,41.148,66.13,55.098,77.73,55,7,46
6z6m,Chain YB,homo,RPS25,110.264,133.61,53.109,70.88,39,10,69
6z6m,Chain Y,homo,RPL24,56.53,97.57,81.092,113.64,70,17,105
6z6m,Chain G,homo,RPL5,74.631,105.34,78.405,111.6,58,10,94
6z6m,Chain RB,homo,RPS6,78.772,112.18,86.751,111.83,58,12,80
6z6m,Chain E,homo,RPL3,17.313,64.17,79.561,119.33,37,8,66
6z6m,Chain K,homo,RPL9,62.219,84.04,84.388,114.97,67,19,104
6z6m,Chain T,homo,RPL19,35.691,76.5,82.397,108.78,35,10,131
6z6m,Chain EA,homo,RPL30,83.857,96.81,65.556,81.17,44,3,66
6z6m,Chain DA,homo,RPL29,22.914,90.27,82.727,136.27,68,4,31
6z6m,Chain V,homo,RPL21,40.62,76.35,81.974,111.06,87,11,81
6z6m,Chain TA,homo,RPL10A,81.8,107.82,67.351,90.0,60,18,138
6z6m,Chain LA,homo,RPL37,12.874,33.87,87.825,112.84,43,8,68
6z6m,Chain P,homo,RPL15,33.498,61.62,76.475,102.12,34,12,77
6z6m,Chain U,homo,RPL18A,58.225,79.63,99.896,124.98,32,8,90
6z6m,Chain IA,homo,RPL34,38.948,71.17,83.569,99.45,39,7,93
6z6m,Chain Q,homo,RPL13A,33.836,69.93,101.588,131.26,40,8,81
6z6m,Chain F,homo,RPL4,6.571,68.47,92.786,146.85,41,12,90
6z6m,Chain J,homo,RPL7A,68.689,94.99,68.882,108.5,102,27,206
6z6m,Chain CA,homo,RPL27A,33.007,72.78,87.648,120.12,60,6,88
6z6m,Chain R,homo,RPL17,5.099,33.22,98.239,135.69,67,11,84
6z6m,Chain S,homo,RPL18,56.319,77.38,89.624,131.86,42,16,98
6z6m,Chain FA,homo,RPL31,42.084,55.06,111.797,132.96,76,7,68
6z6m,Chain BA,homo,RPL27,85.814,101.42,93.73,108.95,35,17,65
6z6m,Chain KA,homo,RPL36,73.72,89.07,83.423,103.65,39,12,82
6z6m,Chain N,homo,RPL13,38.663,81.79,98.492,130.24,42,12,86
6z6m,Chain GA,homo,RPL32,29.456,55.91,108.8,143.68,54,10,75
6z6m,Chain I,homo,RPL7,51.016,81.89,111.196,139.5,91,12,124
6z6m,Chain Z,homo,RPL23A,29.246,53.67,91.292,130.22,88,6,90
6z6m,Chain NA,homo,RPL39,10.129,22.49,108.752,123.07,38,5,26
6z6m,Chain W,homo,RPL22,64.122,80.36,127.51,141.91,69,3,68
6z6m,Chain HA,homo,RPL35A,50.663,71.71,122.927,145.92,53,10,84
6z6m,Chain O,homo,RPL14,80.576,97.11,127.819,151.18,32,12,96
6z6m,Chain MA,homo,RPL38,67.309,78.12,125.593,138.38,27,5,44
6z6m,Chain JA,homo,RPL35,40.596,60.35,123.028,141.88,37,8,94
6z6m,Chain H,homo,RPL6,77.051,100.48,151.251,176.18,61,11,82
6z6m,Chain AA,homo,RPL26,36.732,53.82,136.902,159.16,51,8,59
6z6m,Chain SA,homo,RPL28,56.742,78.93,143.801,165.29,32,4,79
8cgn,Chain C,saccharomyces,RPS26,79.85,96.04,4.124,17.78,52,6,82
8cgn,Chain UB,saccharomyces,RPS14,73.442,91.48,5.519,19.31,54,5,121
8cgn,Chain E,saccharomyces,RPS28,94.686,108.45,12.572,24.6,18,3,39
8cgn,Chain MB,saccharomyces,RPS5,91.88,117.1,15.266,47.97,28,5,119
8cgn,Chain IB,saccharomyces,RPS3A,83.541,99.33,13.631,34.98,48,10,91
8cgn,Chain DB,saccharomyces,RPL41,45.035,58.9,17.577,32.38,5,1,3
8cgn,Chain V,saccharomyces,RPL8,21.653,56.01,32.087,60.98,23,3,64
8cgn,Chain WB,saccharomyces,RPS16,90.937,136.94,19.359,63.47,54,9,68
8cgn,Chain JB,saccharomyces,RPS2,100.928,124.51,14.05,47.58,116,11,97
8cgn,Chain XB,saccharomyces,RPS17,121.36,142.41,39.896,57.14,33,8,60
8cgn,Chain AC,saccharomyces,RPS20,104.299,144.91,26.732,64.92,37,3,95
8cgn,Chain TB,saccharomyces,RPS13,73.23,100.76,45.718,67.21,33,6,69
8cgn,Chain HB,saccharomyces,RPSA,120.565,138.21,42.425,57.11,82,23,94
8cgn,Chain FB,saccharomyces,RPL37A,41.361,62.92,49.523,61.56,44,6,44
8cgn,Chain DC,saccharomyces,RPS23,70.823,84.04,12.91,39.78,33,6,69
8cgn,Chain KB,saccharomyces,RPS3,105.208,133.21,18.899,48.15,39,4,89
8cgn,Chain YB,saccharomyces,RPS18,87.102,111.16,35.418,67.52,26,8,84
8cgn,Chain F,saccharomyces,RPS29,114.856,123.21,37.914,47.42,37,7,39
8cgn,Chain BC,saccharomyces,RPS21,121.186,136.42,49.94,64.6,36,5,66
8cgn,Chain ZB,saccharomyces,RPS19,106.397,137.12,46.31,76.27,33,6,64
8cgn,Chain D,saccharomyces,RPS27,107.57,120.48,51.216,63.84,67,9,65
8cgn,Chain B,saccharomyces,RPS25,104.697,119.97,59.869,68.67,39,10,69
8cgn,Chain CC,saccharomyces,RPS15A,100.658,118.07,54.993,65.78,59,6,83
8cgn,Chain VB,saccharomyces,RPS15,85.149,111.85,39.602,66.33,31,6,121
8cgn,Chain OA,saccharomyces,RPL11,72.356,96.63,56.658,81.34,32,12,91
8cgn,Chain IA,saccharomyces,RPL7A,67.658,92.33,57.994,100.36,102,27,206
8cgn,Chain G,saccharomyces,RPS30,77.818,113.51,28.642,44.59,38,0,0
8cgn,Chain EB,saccharomyces,RPL36A,40.677,65.3,63.226,76.3,55,7,46
8cgn,Chain PA,saccharomyces,RPL30,81.217,94.13,63.647,76.25,44,3,66
8cgn,Chain SB,saccharomyces,RPS11,84.595,98.8,55.168,90.59,34,7,81
8cgn,Chain QB,saccharomyces,RPS9,103.686,129.16,38.248,67.4,40,17,111
8cgn,Chain UA,saccharomyces,RPL15,32.926,60.53,71.455,95.82,34,12,77
8cgn,Chain YA,saccharomyces,RPL36,73.398,87.17,76.278,96.71,39,12,82
8cgn,Chain MA,saccharomyces,RPL10,16.12,59.9,66.827,85.71,47,8,74
8cgn,Chain WA,saccharomyces,RPL34,35.684,66.99,70.274,94.98,39,7,93
8cgn,Chain RB,saccharomyces,RPS10,126.361,135.96,47.697,59.72,42,10,74
8cgn,Chain OB,saccharomyces,RPS7,116.284,138.9,72.613,92.53,42,9,83
8cgn,Chain BA,saccharomyces,RPL23,30.227,51.94,57.235,78.11,27,5,98
8cgn,Chain PB,saccharomyces,RPS8,74.524,96.62,67.719,108.96,33,12,89
8cgn,Chain R,saccharomyces,RPL19,33.514,69.52,80.826,105.94,35,10,131
8cgn,Chain X,saccharomyces,RPL21,39.377,74.41,77.364,111.62,87,11,81
8cgn,Chain FA,saccharomyces,RPL23A,25.649,50.19,85.718,124.29,88,6,90
8cgn,Chain NA,saccharomyces,RPL29,21.726,69.2,82.738,112.46,68,4,31
8cgn,Chain JA,saccharomyces,RPL27,82.646,97.57,87.328,101.57,35,17,65
8cgn,Chain ZA,saccharomyces,RPL37,12.167,30.91,85.672,106.81,43,8,68
8cgn,Chain LA,saccharomyces,RPL27A,31.893,70.67,85.84,116.68,60,6,88
8cgn,Chain O,saccharomyces,RPL18,55.361,75.28,87.617,129.99,42,16,98
8cgn,Chain CA,saccharomyces,RPL5,73.185,103.62,84.879,111.99,58,10,94
8cgn,Chain Y,saccharomyces,RPL3,13.642,59.49,81.006,119.91,37,8,66
8cgn,Chain I,saccharomyces,RPS27A,118.244,138.86,61.039,81.13,187,29,374
8cgn,Chain AA,saccharomyces,RPL4,5.1,65.14,91.58,142.05,41,12,90
8cgn,Chain W,saccharomyces,RPL12,85.068,101.12,66.621,89.71,61,7,89
8cgn,Chain QA,saccharomyces,RPL13,37.121,77.88,95.436,123.85,42,12,86
8cgn,Chain L,saccharomyces,RPL17,5.356,36.23,95.849,134.23,67,11,84
8cgn,Chain LB,saccharomyces,RPS4,94.399,125.26,75.194,96.2,57,9,144
8cgn,Chain DA,saccharomyces,RPL24,52.279,62.76,83.311,101.46,70,17,105
8cgn,Chain BB,saccharomyces,RPL39,6.98,19.71,104.278,118.79,38,5,26
8cgn,Chain CB,saccharomyces,RPL40,50.958,65.42,82.163,94.35,110,19,358
8cgn,Chain A,saccharomyces,RPS24,96.869,127.58,77.543,96.56,48,10,97
8cgn,Chain KA,saccharomyces,RPL9,59.809,80.36,86.722,116.97,67,19,104
8cgn,Chain TA,saccharomyces,RPL32,28.61,55.18,108.462,141.95,54,10,75
8cgn,Chain J,saccharomyces,RPL13A,30.486,65.98,102.228,131.9,40,8,81
8cgn,Chain NB,saccharomyces,RPS6,77.552,108.21,92.018,118.24,58,12,80
8cgn,Chain U,saccharomyces,RPL18A,55.613,76.75,100.729,125.91,32,8,90
8cgn,Chain XA,saccharomyces,RPL35,36.322,57.25,115.998,134.38,37,8,94
8cgn,Chain GA,saccharomyces,RPL7,48.783,78.05,111.968,138.58,91,12,124
8cgn,Chain RA,saccharomyces,RPL31,40.742,54.88,111.397,132.1,76,7,68
8cgn,Chain S,saccharomyces,RPLP0,86.844,104.32,87.693,114.24,64,7,116
8cgn,Chain AB,saccharomyces,RPL38,62.959,74.66,120.939,133.44,27,5,44
8cgn,Chain Z,saccharomyces,RPL22,65.535,78.43,124.162,138.92,69,3,68
8cgn,Chain VA,saccharomyces,RPL35A,47.807,69.56,122.799,145.45,53,10,84
8cgn,Chain HA,saccharomyces,RPL26,34.883,51.12,132.462,153.48,51,8,59
8cgn,Chain SA,saccharomyces,RPL14,76.464,92.17,129.563,150.56,32,12,96
8cgn,Chain EA,saccharomyces,RPL6,54.791,94.57,144.731,170.74,61,11,82
